snp_id,chromosome,position,ancestral_allele,derived_allele
SNP_00000,chromosome,121959,A,G
SNP_00001,chromosome,671156,A,G
SNP_00002,chromosome,131933,A,G
SNP_00003,chromosome,365839,A,G
SNP_00004,chromosome,259179,A,G
SNP_00005,chromosome,644168,A,G
SNP_00006,chromosome,110269,A,G
SNP_00007,chromosome,732181,A,G
SNP_00008,chromosome,54887,A,G
SNP_00009,chromosome,137338,A,G
SNP_00010,chromosome,999891,A,G
SNP_00011,chromosome,521431,A,G
SNP_00012,chromosome,954699,A,G
SNP_00013,chromosome,87499,A,G
SNP_00014,chromosome,899160,A,G
SNP_00015,chromosome,912757,A,G
SNP_00016,chromosome,175204,A,G
SNP_00017,chromosome,191336,A,G
SNP_00018,chromosome,278168,A,G
SNP_00019,chromosome,41091,A,G
SNP_00020,chromosome,329366,A,G
SNP_00021,chromosome,64821,A,G
SNP_00022,chromosome,787202,A,G
SNP_00023,chromosome,321880,A,G
SNP_00024,chromosome,718316,A,G
SNP_00025,chromosome,327070,A,G
SNP_00026,chromosome,776998,A,G
SNP_00027,chromosome,199042,A,G
SNP_00028,chromosome,791744,A,G
SNP_00029,chromosome,103356,A,G
SNP_00030,chromosome,235797,A,G
SNP_00031,chromosome,214177,A,G
SNP_00032,chromosome,184780,A,G
SNP_00033,chromosome,347450,A,G
SNP_00034,chromosome,421910,A,G
SNP_00035,chromosome,989437,A,G
SNP_00036,chromosome,258796,A,G
SNP_00037,chromosome,486233,A,G
SNP_00038,chromosome,917041,A,G
SNP_00039,chromosome,500187,A,G
SNP_00040,chromosome,156731,A,G
SNP_00041,chromosome,870911,A,G
SNP_00042,chromosome,384682,A,G
SNP_00043,chromosome,149504,A,G
SNP_00044,chromosome,654812,A,G
SNP_00045,chromosome,527036,A,G
SNP_00046,chromosome,648144,A,G
SNP_00047,chromosome,452367,A,G
SNP_00048,chromosome,65726,A,G
SNP_00049,chromosome,129982,A,G
SNP_00050,chromosome,84655,A,G
SNP_00051,chromosome,953278,A,G
SNP_00052,chromosome,905779,A,G
SNP_00053,chromosome,591724,A,G
SNP_00054,chromosome,319031,A,G
SNP_00055,chromosome,328948,A,G
SNP_00056,chromosome,555840,A,G
SNP_00057,chromosome,902649,A,G
SNP_00058,chromosome,273539,A,G
SNP_00059,chromosome,331237,A,G
SNP_00060,chromosome,528179,A,G
SNP_00061,chromosome,565895,A,G
SNP_00062,chromosome,489493,A,G
SNP_00063,chromosome,256841,A,G
SNP_00064,chromosome,473255,A,G
SNP_00065,chromosome,349458,A,G
SNP_00066,chromosome,665988,A,G
SNP_00067,chromosome,270937,A,G
SNP_00068,chromosome,239932,A,G
SNP_00069,chromosome,239630,A,G
SNP_00070,chromosome,205042,A,G
SNP_00071,chromosome,698362,A,G
SNP_00072,chromosome,731913,A,G
SNP_00073,chromosome,417114,A,G
SNP_00074,chromosome,68149,A,G
SNP_00075,chromosome,777090,A,G
SNP_00076,chromosome,648532,A,G
SNP_00077,chromosome,251996,A,G
SNP_00078,chromosome,906607,A,G
SNP_00079,chromosome,678844,A,G
SNP_00080,chromosome,910791,A,G
SNP_00081,chromosome,572844,A,G
SNP_00082,chromosome,256509,A,G
SNP_00083,chromosome,803592,A,G
SNP_00084,chromosome,896943,A,G
SNP_00085,chromosome,106531,A,G
SNP_00086,chromosome,604366,A,G
SNP_00087,chromosome,822353,A,G
SNP_00088,chromosome,460338,A,G
SNP_00089,chromosome,724840,A,G
SNP_00090,chromosome,805890,A,G
SNP_00091,chromosome,459774,A,G
SNP_00092,chromosome,208262,A,G
SNP_00093,chromosome,764470,A,G
SNP_00094,chromosome,341098,A,G
SNP_00095,chromosome,315140,A,G
SNP_00096,chromosome,171830,A,G
SNP_00097,chromosome,271837,A,G
SNP_00098,chromosome,438975,A,G
SNP_00099,chromosome,989914,A,G
SNP_00100,chromosome,202284,A,G
SNP_00101,chromosome,196770,A,G
SNP_00102,chromosome,561354,A,G
SNP_00103,chromosome,223166,A,G
SNP_00104,chromosome,623588,A,G
SNP_00105,chromosome,950111,A,G
SNP_00106,chromosome,535823,A,G
SNP_00107,chromosome,487880,A,G
SNP_00108,chromosome,564686,A,G
SNP_00109,chromosome,782039,A,G
SNP_00110,chromosome,353532,A,G
SNP_00111,chromosome,263161,A,G
SNP_00112,chromosome,579880,A,G
SNP_00113,chromosome,220885,A,G
SNP_00114,chromosome,23248,A,G
SNP_00115,chromosome,24301,A,G
SNP_00116,chromosome,467282,A,G
SNP_00117,chromosome,607087,A,G
SNP_00118,chromosome,533557,A,G
SNP_00119,chromosome,348952,A,G
SNP_00120,chromosome,274330,A,G
SNP_00121,chromosome,719065,A,G
SNP_00122,chromosome,742140,A,G
SNP_00123,chromosome,432316,A,G
SNP_00124,chromosome,926076,A,G
SNP_00125,chromosome,516589,A,G
SNP_00126,chromosome,236585,A,G
SNP_00127,chromosome,562333,A,G
SNP_00128,chromosome,837647,A,G
SNP_00129,chromosome,978733,A,G
SNP_00130,chromosome,376897,A,G
SNP_00131,chromosome,48985,A,G
SNP_00132,chromosome,302919,A,G
SNP_00133,chromosome,264713,A,G
SNP_00134,chromosome,120152,A,G
SNP_00135,chromosome,455809,A,G
SNP_00136,chromosome,985068,A,G
SNP_00137,chromosome,133768,A,G
SNP_00138,chromosome,648664,A,G
SNP_00139,chromosome,703551,A,G
SNP_00140,chromosome,136331,A,G
SNP_00141,chromosome,480755,A,G
SNP_00142,chromosome,301649,A,G
SNP_00143,chromosome,688520,A,G
SNP_00144,chromosome,13987,A,G
SNP_00145,chromosome,586147,A,G
SNP_00146,chromosome,129313,A,G
SNP_00147,chromosome,12667,A,G
SNP_00148,chromosome,300805,A,G
SNP_00149,chromosome,134634,A,G
SNP_00150,chromosome,288999,A,G
SNP_00151,chromosome,850938,A,G
SNP_00152,chromosome,628777,A,G
SNP_00153,chromosome,707612,A,G
SNP_00154,chromosome,284807,A,G
SNP_00155,chromosome,794825,A,G
SNP_00156,chromosome,30536,A,G
SNP_00157,chromosome,996108,A,G
SNP_00158,chromosome,375714,A,G
SNP_00159,chromosome,838689,A,G
SNP_00160,chromosome,351280,A,G
SNP_00161,chromosome,913911,A,G
SNP_00162,chromosome,821655,A,G
SNP_00163,chromosome,601662,A,G
SNP_00164,chromosome,997080,A,G
SNP_00165,chromosome,647973,A,G
SNP_00166,chromosome,489571,A,G
SNP_00167,chromosome,456552,A,G
SNP_00168,chromosome,273110,A,G
SNP_00169,chromosome,24539,A,G
SNP_00170,chromosome,894499,A,G
SNP_00171,chromosome,201665,A,G
SNP_00172,chromosome,491235,A,G
SNP_00173,chromosome,899685,A,G
SNP_00174,chromosome,139183,A,G
SNP_00175,chromosome,472526,A,G
SNP_00176,chromosome,158339,A,G
SNP_00177,chromosome,184065,A,G
SNP_00178,chromosome,214021,A,G
SNP_00179,chromosome,623095,A,G
SNP_00180,chromosome,924415,A,G
SNP_00181,chromosome,897422,A,G
SNP_00182,chromosome,615271,A,G
SNP_00183,chromosome,645915,A,G
SNP_00184,chromosome,119177,A,G
SNP_00185,chromosome,917711,A,G
SNP_00186,chromosome,218127,A,G
SNP_00187,chromosome,218970,A,G
SNP_00188,chromosome,122410,A,G
SNP_00189,chromosome,547708,A,G
SNP_00190,chromosome,968141,A,G
SNP_00191,chromosome,253619,A,G
SNP_00192,chromosome,769599,A,G
SNP_00193,chromosome,50016,A,G
SNP_00194,chromosome,772839,A,G
SNP_00195,chromosome,122097,A,G
SNP_00196,chromosome,631348,A,G
SNP_00197,chromosome,185341,A,G
SNP_00198,chromosome,110688,A,G
SNP_00199,chromosome,874372,A,G
SNP_00200,chromosome,411358,A,G
SNP_00201,chromosome,735717,A,G
SNP_00202,chromosome,105879,A,G
SNP_00203,chromosome,727271,A,G
SNP_00204,chromosome,973549,A,G
SNP_00205,chromosome,198287,A,G
SNP_00206,chromosome,773291,A,G
SNP_00207,chromosome,774685,A,G
SNP_00208,chromosome,164900,A,G
SNP_00209,chromosome,973325,A,G
SNP_00210,chromosome,324768,A,G
SNP_00211,chromosome,999239,A,G
SNP_00212,chromosome,861883,A,G
SNP_00213,chromosome,879859,A,G
SNP_00214,chromosome,379990,A,G
SNP_00215,chromosome,415516,A,G
SNP_00216,chromosome,43586,A,G
SNP_00217,chromosome,371370,A,G
SNP_00218,chromosome,64045,A,G
SNP_00219,chromosome,960062,A,G
SNP_00220,chromosome,442297,A,G
SNP_00221,chromosome,109557,A,G
SNP_00222,chromosome,526982,A,G
SNP_00223,chromosome,881692,A,G
SNP_00224,chromosome,767596,A,G
SNP_00225,chromosome,200236,A,G
SNP_00226,chromosome,25940,A,G
SNP_00227,chromosome,966430,A,G
SNP_00228,chromosome,960446,A,G
SNP_00229,chromosome,152907,A,G
SNP_00230,chromosome,542336,A,G
SNP_00231,chromosome,288250,A,G
SNP_00232,chromosome,75767,A,G
SNP_00233,chromosome,408924,A,G
SNP_00234,chromosome,415193,A,G
SNP_00235,chromosome,568551,A,G
SNP_00236,chromosome,387262,A,G
SNP_00237,chromosome,810209,A,G
SNP_00238,chromosome,685441,A,G
SNP_00239,chromosome,652665,A,G
SNP_00240,chromosome,984347,A,G
SNP_00241,chromosome,454590,A,G
SNP_00242,chromosome,137849,A,G
SNP_00243,chromosome,617076,A,G
SNP_00244,chromosome,127949,A,G
SNP_00245,chromosome,579305,A,G
SNP_00246,chromosome,402691,A,G
SNP_00247,chromosome,499047,A,G
SNP_00248,chromosome,451270,A,G
SNP_00249,chromosome,21960,A,G
SNP_00250,chromosome,660891,A,G
SNP_00251,chromosome,750217,A,G
SNP_00252,chromosome,905534,A,G
SNP_00253,chromosome,790181,A,G
SNP_00254,chromosome,228577,A,G
SNP_00255,chromosome,537834,A,G
SNP_00256,chromosome,914092,A,G
SNP_00257,chromosome,983704,A,G
SNP_00258,chromosome,165839,A,G
SNP_00259,chromosome,335675,A,G
SNP_00260,chromosome,879990,A,G
SNP_00261,chromosome,61088,A,G
SNP_00262,chromosome,593129,A,G
SNP_00263,chromosome,118452,A,G
SNP_00264,chromosome,447601,A,G
SNP_00265,chromosome,837438,A,G
SNP_00266,chromosome,439793,A,G
SNP_00267,chromosome,39354,A,G
SNP_00268,chromosome,193076,A,G
SNP_00269,chromosome,214284,A,G
SNP_00270,chromosome,314878,A,G
SNP_00271,chromosome,65319,A,G
SNP_00272,chromosome,765314,A,G
SNP_00273,chromosome,482691,A,G
SNP_00274,chromosome,416881,A,G
SNP_00275,chromosome,591461,A,G
SNP_00276,chromosome,740977,A,G
SNP_00277,chromosome,781240,A,G
SNP_00278,chromosome,93265,A,G
SNP_00279,chromosome,770747,A,G
SNP_00280,chromosome,813169,A,G
SNP_00281,chromosome,225282,A,G
SNP_00282,chromosome,637148,A,G
SNP_00283,chromosome,898614,A,G
SNP_00284,chromosome,394071,A,G
SNP_00285,chromosome,352229,A,G
SNP_00286,chromosome,431840,A,G
SNP_00287,chromosome,269537,A,G
SNP_00288,chromosome,317825,A,G
SNP_00289,chromosome,257427,A,G
SNP_00290,chromosome,177790,A,G
SNP_00291,chromosome,513154,A,G
SNP_00292,chromosome,742453,A,G
SNP_00293,chromosome,837292,A,G
SNP_00294,chromosome,125658,A,G
SNP_00295,chromosome,235168,A,G
SNP_00296,chromosome,681670,A,G
SNP_00297,chromosome,480672,A,G
SNP_00298,chromosome,719095,A,G
SNP_00299,chromosome,70468,A,G
SNP_00300,chromosome,183735,A,G
SNP_00301,chromosome,622795,A,G
SNP_00302,chromosome,109752,A,G
SNP_00303,chromosome,381051,A,G
SNP_00304,chromosome,930193,A,G
SNP_00305,chromosome,811775,A,G
SNP_00306,chromosome,692518,A,G
SNP_00307,chromosome,461080,A,G
SNP_00308,chromosome,368453,A,G
SNP_00309,chromosome,969588,A,G
SNP_00310,chromosome,106082,A,G
SNP_00311,chromosome,983238,A,G
SNP_00312,chromosome,613334,A,G
SNP_00313,chromosome,558987,A,G
SNP_00314,chromosome,110079,A,G
SNP_00315,chromosome,867056,A,G
SNP_00316,chromosome,22672,A,G
SNP_00317,chromosome,418401,A,G
SNP_00318,chromosome,355529,A,G
SNP_00319,chromosome,959612,A,G
SNP_00320,chromosome,610491,A,G
SNP_00321,chromosome,51664,A,G
SNP_00322,chromosome,15709,A,G
SNP_00323,chromosome,878339,A,G
SNP_00324,chromosome,311956,A,G
SNP_00325,chromosome,133884,A,G
SNP_00326,chromosome,318395,A,G
SNP_00327,chromosome,112548,A,G
SNP_00328,chromosome,989587,A,G
SNP_00329,chromosome,910682,A,G
SNP_00330,chromosome,559043,A,G
SNP_00331,chromosome,751103,A,G
SNP_00332,chromosome,762003,A,G
SNP_00333,chromosome,142484,A,G
SNP_00334,chromosome,658272,A,G
SNP_00335,chromosome,984775,A,G
SNP_00336,chromosome,214836,A,G
SNP_00337,chromosome,401897,A,G
SNP_00338,chromosome,84897,A,G
SNP_00339,chromosome,477096,A,G
SNP_00340,chromosome,71296,A,G
SNP_00341,chromosome,743975,A,G
SNP_00342,chromosome,887122,A,G
SNP_00343,chromosome,273256,A,G
SNP_00344,chromosome,299649,A,G
SNP_00345,chromosome,657163,A,G
SNP_00346,chromosome,8156,A,G
SNP_00347,chromosome,466873,A,G
SNP_00348,chromosome,825817,A,G
SNP_00349,chromosome,374706,A,G
SNP_00350,chromosome,571543,A,G
SNP_00351,chromosome,808351,A,G
SNP_00352,chromosome,610270,A,G
SNP_00353,chromosome,978218,A,G
SNP_00354,chromosome,554595,A,G
SNP_00355,chromosome,147719,A,G
SNP_00356,chromosome,308988,A,G
SNP_00357,chromosome,645264,A,G
SNP_00358,chromosome,358746,A,G
SNP_00359,chromosome,107513,A,G
SNP_00360,chromosome,147444,A,G
SNP_00361,chromosome,470588,A,G
SNP_00362,chromosome,373617,A,G
SNP_00363,chromosome,657410,A,G
SNP_00364,chromosome,686977,A,G
SNP_00365,chromosome,365872,A,G
SNP_00366,chromosome,375038,A,G
SNP_00367,chromosome,807365,A,G
SNP_00368,chromosome,117797,A,G
SNP_00369,chromosome,292000,A,G
SNP_00370,chromosome,192507,A,G
SNP_00371,chromosome,990199,A,G
SNP_00372,chromosome,698377,A,G
SNP_00373,chromosome,269545,A,G
SNP_00374,chromosome,380003,A,G
SNP_00375,chromosome,698003,A,G
SNP_00376,chromosome,539440,A,G
SNP_00377,chromosome,968912,A,G
SNP_00378,chromosome,590979,A,G
SNP_00379,chromosome,528788,A,G
SNP_00380,chromosome,530584,A,G
SNP_00381,chromosome,907318,A,G
SNP_00382,chromosome,388216,A,G
SNP_00383,chromosome,321185,A,G
SNP_00384,chromosome,798616,A,G
SNP_00385,chromosome,422516,A,G
SNP_00386,chromosome,668235,A,G
SNP_00387,chromosome,378481,A,G
SNP_00388,chromosome,32712,A,G
SNP_00389,chromosome,791972,A,G
SNP_00390,chromosome,501158,A,G
SNP_00391,chromosome,184424,A,G
SNP_00392,chromosome,978772,A,G
SNP_00393,chromosome,516350,A,G
SNP_00394,chromosome,703715,A,G
SNP_00395,chromosome,912496,A,G
SNP_00396,chromosome,657918,A,G
SNP_00397,chromosome,824793,A,G
SNP_00398,chromosome,737379,A,G
SNP_00399,chromosome,133273,A,G
SNP_00400,chromosome,767837,A,G
SNP_00401,chromosome,986002,A,G
SNP_00402,chromosome,702336,A,G
SNP_00403,chromosome,807790,A,G
SNP_00404,chromosome,643410,A,G
SNP_00405,chromosome,77506,A,G
SNP_00406,chromosome,2870,A,G
SNP_00407,chromosome,781475,A,G
SNP_00408,chromosome,454352,A,G
SNP_00409,chromosome,312253,A,G
SNP_00410,chromosome,636585,A,G
SNP_00411,chromosome,618468,A,G
SNP_00412,chromosome,90273,A,G
SNP_00413,chromosome,38468,A,G
SNP_00414,chromosome,809761,A,G
SNP_00415,chromosome,877845,A,G
SNP_00416,chromosome,480048,A,G
SNP_00417,chromosome,659348,A,G
SNP_00418,chromosome,58872,A,G
SNP_00419,chromosome,939904,A,G
SNP_00420,chromosome,128392,A,G
SNP_00421,chromosome,439431,A,G
SNP_00422,chromosome,610705,A,G
SNP_00423,chromosome,856704,A,G
SNP_00424,chromosome,830497,A,G
SNP_00425,chromosome,256688,A,G
SNP_00426,chromosome,725452,A,G
SNP_00427,chromosome,107451,A,G
SNP_00428,chromosome,171891,A,G
SNP_00429,chromosome,438742,A,G
SNP_00430,chromosome,281975,A,G
SNP_00431,chromosome,934934,A,G
SNP_00432,chromosome,400110,A,G
SNP_00433,chromosome,116382,A,G
SNP_00434,chromosome,473126,A,G
SNP_00435,chromosome,571622,A,G
SNP_00436,chromosome,134509,A,G
SNP_00437,chromosome,729651,A,G
SNP_00438,chromosome,862646,A,G
SNP_00439,chromosome,399112,A,G
SNP_00440,chromosome,150811,A,G
SNP_00441,chromosome,292891,A,G
SNP_00442,chromosome,573666,A,G
SNP_00443,chromosome,965909,A,G
SNP_00444,chromosome,840478,A,G
SNP_00445,chromosome,360033,A,G
SNP_00446,chromosome,957295,A,G
SNP_00447,chromosome,369600,A,G
SNP_00448,chromosome,660961,A,G
SNP_00449,chromosome,750021,A,G
SNP_00450,chromosome,879612,A,G
SNP_00451,chromosome,171837,A,G
SNP_00452,chromosome,729904,A,G
SNP_00453,chromosome,45715,A,G
SNP_00454,chromosome,974340,A,G
SNP_00455,chromosome,627235,A,G
SNP_00456,chromosome,896049,A,G
SNP_00457,chromosome,630272,A,G
SNP_00458,chromosome,466961,A,G
SNP_00459,chromosome,711852,A,G
SNP_00460,chromosome,124124,A,G
SNP_00461,chromosome,936094,A,G
SNP_00462,chromosome,305629,A,G
SNP_00463,chromosome,82990,A,G
SNP_00464,chromosome,298357,A,G
SNP_00465,chromosome,829958,A,G
SNP_00466,chromosome,178275,A,G
SNP_00467,chromosome,687996,A,G
SNP_00468,chromosome,325353,A,G
SNP_00469,chromosome,820261,A,G
SNP_00470,chromosome,411928,A,G
SNP_00471,chromosome,789853,A,G
SNP_00472,chromosome,883185,A,G
SNP_00473,chromosome,131374,A,G
SNP_00474,chromosome,438453,A,G
SNP_00475,chromosome,115295,A,G
SNP_00476,chromosome,459452,A,G
SNP_00477,chromosome,971745,A,G
SNP_00478,chromosome,648308,A,G
SNP_00479,chromosome,65727,A,G
SNP_00480,chromosome,141565,A,G
SNP_00481,chromosome,377813,A,G
SNP_00482,chromosome,268247,A,G
SNP_00483,chromosome,705697,A,G
SNP_00484,chromosome,118016,A,G
SNP_00485,chromosome,740675,A,G
SNP_00486,chromosome,254080,A,G
SNP_00487,chromosome,550930,A,G
SNP_00488,chromosome,689945,A,G
SNP_00489,chromosome,688106,A,G
SNP_00490,chromosome,513759,A,G
SNP_00491,chromosome,940598,A,G
SNP_00492,chromosome,983610,A,G
SNP_00493,chromosome,365891,A,G
SNP_00494,chromosome,445102,A,G
SNP_00495,chromosome,36632,A,G
SNP_00496,chromosome,766578,A,G
SNP_00497,chromosome,72992,A,G
SNP_00498,chromosome,4015,A,G
SNP_00499,chromosome,273238,A,G
SNP_00500,chromosome,18071,A,G
SNP_00501,chromosome,822210,A,G
SNP_00502,chromosome,56959,A,G
SNP_00503,chromosome,82075,A,G
SNP_00504,chromosome,535018,A,G
SNP_00505,chromosome,755074,A,G
SNP_00506,chromosome,176090,A,G
SNP_00507,chromosome,197393,A,G
SNP_00508,chromosome,158824,A,G
SNP_00509,chromosome,630153,A,G
SNP_00510,chromosome,393003,A,G
SNP_00511,chromosome,733430,A,G
SNP_00512,chromosome,498864,A,G
SNP_00513,chromosome,367655,A,G
SNP_00514,chromosome,579037,A,G
SNP_00515,chromosome,530090,A,G
SNP_00516,chromosome,150263,A,G
SNP_00517,chromosome,442906,A,G
SNP_00518,chromosome,235363,A,G
SNP_00519,chromosome,444210,A,G
SNP_00520,chromosome,553881,A,G
SNP_00521,chromosome,797080,A,G
SNP_00522,chromosome,664077,A,G
SNP_00523,chromosome,219964,A,G
SNP_00524,chromosome,480762,A,G
SNP_00525,chromosome,248711,A,G
SNP_00526,chromosome,220985,A,G
SNP_00527,chromosome,897060,A,G
SNP_00528,chromosome,856749,A,G
SNP_00529,chromosome,782356,A,G
SNP_00530,chromosome,264513,A,G
SNP_00531,chromosome,601864,A,G
SNP_00532,chromosome,268800,A,G
SNP_00533,chromosome,237550,A,G
SNP_00534,chromosome,594320,A,G
SNP_00535,chromosome,993934,A,G
SNP_00536,chromosome,484300,A,G
SNP_00537,chromosome,612211,A,G
SNP_00538,chromosome,448983,A,G
SNP_00539,chromosome,124047,A,G
SNP_00540,chromosome,406620,A,G
SNP_00541,chromosome,32098,A,G
SNP_00542,chromosome,996162,A,G
SNP_00543,chromosome,666327,A,G
SNP_00544,chromosome,649151,A,G
SNP_00545,chromosome,230230,A,G
SNP_00546,chromosome,118835,A,G
SNP_00547,chromosome,93849,A,G
SNP_00548,chromosome,52922,A,G
SNP_00549,chromosome,705087,A,G
SNP_00550,chromosome,650430,A,G
SNP_00551,chromosome,705661,A,G
SNP_00552,chromosome,284822,A,G
SNP_00553,chromosome,55610,A,G
SNP_00554,chromosome,227898,A,G
SNP_00555,chromosome,974166,A,G
SNP_00556,chromosome,31025,A,G
SNP_00557,chromosome,70314,A,G
SNP_00558,chromosome,389958,A,G
SNP_00559,chromosome,184079,A,G
SNP_00560,chromosome,357430,A,G
SNP_00561,chromosome,932843,A,G
SNP_00562,chromosome,461244,A,G
SNP_00563,chromosome,113633,A,G
SNP_00564,chromosome,997640,A,G
SNP_00565,chromosome,937013,A,G
SNP_00566,chromosome,251452,A,G
SNP_00567,chromosome,3052,A,G
SNP_00568,chromosome,704108,A,G
SNP_00569,chromosome,376837,A,G
SNP_00570,chromosome,611524,A,G
SNP_00571,chromosome,971526,A,G
SNP_00572,chromosome,721773,A,G
SNP_00573,chromosome,189408,A,G
SNP_00574,chromosome,449396,A,G
SNP_00575,chromosome,949598,A,G
SNP_00576,chromosome,462895,A,G
SNP_00577,chromosome,211811,A,G
SNP_00578,chromosome,957239,A,G
SNP_00579,chromosome,727976,A,G
SNP_00580,chromosome,73524,A,G
SNP_00581,chromosome,760464,A,G
SNP_00582,chromosome,94477,A,G
SNP_00583,chromosome,233842,A,G
SNP_00584,chromosome,803452,A,G
SNP_00585,chromosome,870046,A,G
SNP_00586,chromosome,222867,A,G
SNP_00587,chromosome,86673,A,G
SNP_00588,chromosome,598136,A,G
SNP_00589,chromosome,344895,A,G
SNP_00590,chromosome,734995,A,G
SNP_00591,chromosome,28252,A,G
SNP_00592,chromosome,627770,A,G
SNP_00593,chromosome,374711,A,G
SNP_00594,chromosome,550234,A,G
SNP_00595,chromosome,877285,A,G
SNP_00596,chromosome,32218,A,G
SNP_00597,chromosome,8309,A,G
SNP_00598,chromosome,268094,A,G
SNP_00599,chromosome,183063,A,G
SNP_00600,chromosome,394367,A,G
SNP_00601,chromosome,744841,A,G
SNP_00602,chromosome,100236,A,G
SNP_00603,chromosome,74741,A,G
SNP_00604,chromosome,378497,A,G
SNP_00605,chromosome,853050,A,G
SNP_00606,chromosome,750202,A,G
SNP_00607,chromosome,803329,A,G
SNP_00608,chromosome,917231,A,G
SNP_00609,chromosome,177248,A,G
SNP_00610,chromosome,663166,A,G
SNP_00611,chromosome,529526,A,G
SNP_00612,chromosome,20057,A,G
SNP_00613,chromosome,176616,A,G
SNP_00614,chromosome,187629,A,G
SNP_00615,chromosome,638837,A,G
SNP_00616,chromosome,373633,A,G
SNP_00617,chromosome,134416,A,G
SNP_00618,chromosome,406717,A,G
SNP_00619,chromosome,446439,A,G
SNP_00620,chromosome,553664,A,G
SNP_00621,chromosome,665023,A,G
SNP_00622,chromosome,541253,A,G
SNP_00623,chromosome,637718,A,G
SNP_00624,chromosome,252765,A,G
SNP_00625,chromosome,714999,A,G
SNP_00626,chromosome,466883,A,G
SNP_00627,chromosome,740428,A,G
SNP_00628,chromosome,512154,A,G
SNP_00629,chromosome,67216,A,G
SNP_00630,chromosome,855475,A,G
SNP_00631,chromosome,144357,A,G
SNP_00632,chromosome,203862,A,G
SNP_00633,chromosome,355613,A,G
SNP_00634,chromosome,454606,A,G
SNP_00635,chromosome,9436,A,G
SNP_00636,chromosome,447557,A,G
SNP_00637,chromosome,699439,A,G
SNP_00638,chromosome,865265,A,G
SNP_00639,chromosome,575582,A,G
SNP_00640,chromosome,78782,A,G
SNP_00641,chromosome,191476,A,G
SNP_00642,chromosome,160197,A,G
SNP_00643,chromosome,226508,A,G
SNP_00644,chromosome,306064,A,G
SNP_00645,chromosome,764122,A,G
SNP_00646,chromosome,776666,A,G
SNP_00647,chromosome,690608,A,G
SNP_00648,chromosome,121173,A,G
SNP_00649,chromosome,356903,A,G
SNP_00650,chromosome,484964,A,G
SNP_00651,chromosome,455969,A,G
SNP_00652,chromosome,318718,A,G
SNP_00653,chromosome,59102,A,G
SNP_00654,chromosome,495973,A,G
SNP_00655,chromosome,288791,A,G
SNP_00656,chromosome,890618,A,G
SNP_00657,chromosome,547338,A,G
SNP_00658,chromosome,734966,A,G
SNP_00659,chromosome,360261,A,G
SNP_00660,chromosome,883812,A,G
SNP_00661,chromosome,592674,A,G
SNP_00662,chromosome,650420,A,G
SNP_00663,chromosome,433375,A,G
SNP_00664,chromosome,720778,A,G
SNP_00665,chromosome,547578,A,G
SNP_00666,chromosome,372371,A,G
SNP_00667,chromosome,887226,A,G
SNP_00668,chromosome,271968,A,G
SNP_00669,chromosome,191233,A,G
SNP_00670,chromosome,304120,A,G
SNP_00671,chromosome,9541,A,G
SNP_00672,chromosome,540653,A,G
SNP_00673,chromosome,397828,A,G
SNP_00674,chromosome,551952,A,G
SNP_00675,chromosome,51992,A,G
SNP_00676,chromosome,188752,A,G
SNP_00677,chromosome,366327,A,G
SNP_00678,chromosome,686338,A,G
SNP_00679,chromosome,618993,A,G
SNP_00680,chromosome,49116,A,G
SNP_00681,chromosome,353152,A,G
SNP_00682,chromosome,743584,A,G
SNP_00683,chromosome,191963,A,G
SNP_00684,chromosome,721748,A,G
SNP_00685,chromosome,149144,A,G
SNP_00686,chromosome,714636,A,G
SNP_00687,chromosome,989874,A,G
SNP_00688,chromosome,536227,A,G
SNP_00689,chromosome,952700,A,G
SNP_00690,chromosome,353825,A,G
SNP_00691,chromosome,4001,A,G
SNP_00692,chromosome,725949,A,G
SNP_00693,chromosome,887475,A,G
SNP_00694,chromosome,355755,A,G
SNP_00695,chromosome,251493,A,G
SNP_00696,chromosome,890124,A,G
SNP_00697,chromosome,499523,A,G
SNP_00698,chromosome,491073,A,G
SNP_00699,chromosome,38305,A,G
SNP_00700,chromosome,505000,A,G
SNP_00701,chromosome,331594,A,G
SNP_00702,chromosome,607275,A,G
SNP_00703,chromosome,151837,A,G
SNP_00704,chromosome,108941,A,G
SNP_00705,chromosome,824927,A,G
SNP_00706,chromosome,265518,A,G
SNP_00707,chromosome,667522,A,G
SNP_00708,chromosome,621821,A,G
SNP_00709,chromosome,879091,A,G
SNP_00710,chromosome,385778,A,G
SNP_00711,chromosome,624675,A,G
SNP_00712,chromosome,551639,A,G
SNP_00713,chromosome,617297,A,G
SNP_00714,chromosome,880730,A,G
SNP_00715,chromosome,549640,A,G
SNP_00716,chromosome,612957,A,G
SNP_00717,chromosome,638874,A,G
SNP_00718,chromosome,932810,A,G
SNP_00719,chromosome,337498,A,G
SNP_00720,chromosome,207870,A,G
SNP_00721,chromosome,65954,A,G
SNP_00722,chromosome,843891,A,G
SNP_00723,chromosome,500329,A,G
SNP_00724,chromosome,806791,A,G
SNP_00725,chromosome,3268,A,G
SNP_00726,chromosome,82746,A,G
SNP_00727,chromosome,876021,A,G
SNP_00728,chromosome,824946,A,G
SNP_00729,chromosome,157165,A,G
SNP_00730,chromosome,535627,A,G
SNP_00731,chromosome,131485,A,G
SNP_00732,chromosome,531832,A,G
SNP_00733,chromosome,892324,A,G
SNP_00734,chromosome,951001,A,G
SNP_00735,chromosome,60693,A,G
SNP_00736,chromosome,220157,A,G
SNP_00737,chromosome,223993,A,G
SNP_00738,chromosome,516772,A,G
SNP_00739,chromosome,830858,A,G
SNP_00740,chromosome,563045,A,G
SNP_00741,chromosome,543177,A,G
SNP_00742,chromosome,691096,A,G
SNP_00743,chromosome,833728,A,G
SNP_00744,chromosome,114353,A,G
SNP_00745,chromosome,869475,A,G
SNP_00746,chromosome,86000,A,G
SNP_00747,chromosome,17956,A,G
SNP_00748,chromosome,824274,A,G
SNP_00749,chromosome,70641,A,G
SNP_00750,chromosome,196583,A,G
SNP_00751,chromosome,952416,A,G
SNP_00752,chromosome,976536,A,G
SNP_00753,chromosome,744087,A,G
SNP_00754,chromosome,400574,A,G
SNP_00755,chromosome,425696,A,G
SNP_00756,chromosome,61477,A,G
SNP_00757,chromosome,306956,A,G
SNP_00758,chromosome,167281,A,G
SNP_00759,chromosome,675511,A,G
SNP_00760,chromosome,595469,A,G
SNP_00761,chromosome,698647,A,G
SNP_00762,chromosome,637145,A,G
SNP_00763,chromosome,854883,A,G
SNP_00764,chromosome,414569,A,G
SNP_00765,chromosome,186142,A,G
SNP_00766,chromosome,898321,A,G
SNP_00767,chromosome,634737,A,G
SNP_00768,chromosome,538686,A,G
SNP_00769,chromosome,959060,A,G
SNP_00770,chromosome,178032,A,G
SNP_00771,chromosome,918233,A,G
SNP_00772,chromosome,968022,A,G
SNP_00773,chromosome,119181,A,G
SNP_00774,chromosome,66235,A,G
SNP_00775,chromosome,564243,A,G
SNP_00776,chromosome,178353,A,G
SNP_00777,chromosome,79460,A,G
SNP_00778,chromosome,409996,A,G
SNP_00779,chromosome,195005,A,G
SNP_00780,chromosome,466153,A,G
SNP_00781,chromosome,941971,A,G
SNP_00782,chromosome,954444,A,G
SNP_00783,chromosome,725257,A,G
SNP_00784,chromosome,952775,A,G
SNP_00785,chromosome,59164,A,G
SNP_00786,chromosome,475854,A,G
SNP_00787,chromosome,51935,A,G
SNP_00788,chromosome,720256,A,G
SNP_00789,chromosome,425524,A,G
SNP_00790,chromosome,840531,A,G
SNP_00791,chromosome,454138,A,G
SNP_00792,chromosome,5487,A,G
SNP_00793,chromosome,139408,A,G
SNP_00794,chromosome,873333,A,G
SNP_00795,chromosome,650309,A,G
SNP_00796,chromosome,627084,A,G
SNP_00797,chromosome,220185,A,G
SNP_00798,chromosome,666491,A,G
SNP_00799,chromosome,349653,A,G
SNP_00800,plasmid_1,761316,A,G
SNP_00801,plasmid_1,642613,A,G
SNP_00802,plasmid_1,322711,A,G
SNP_00803,plasmid_1,197776,A,G
SNP_00804,plasmid_1,289337,A,G
SNP_00805,plasmid_1,787495,A,G
SNP_00806,plasmid_1,608365,A,G
SNP_00807,plasmid_1,89781,A,G
SNP_00808,plasmid_1,152618,A,G
SNP_00809,plasmid_1,545978,A,G
SNP_00810,plasmid_1,797607,A,G
SNP_00811,plasmid_1,350606,A,G
SNP_00812,plasmid_1,912607,A,G
SNP_00813,plasmid_1,889466,A,G
SNP_00814,plasmid_1,533637,A,G
SNP_00815,plasmid_1,941219,A,G
SNP_00816,plasmid_1,38103,A,G
SNP_00817,plasmid_1,74461,A,G
SNP_00818,plasmid_1,364779,A,G
SNP_00819,plasmid_1,89931,A,G
SNP_00820,plasmid_1,531090,A,G
SNP_00821,plasmid_1,627439,A,G
SNP_00822,plasmid_1,727628,A,G
SNP_00823,plasmid_1,179209,A,G
SNP_00824,plasmid_1,154698,A,G
SNP_00825,plasmid_1,213946,A,G
SNP_00826,plasmid_1,231916,A,G
SNP_00827,plasmid_1,727953,A,G
SNP_00828,plasmid_1,208125,A,G
SNP_00829,plasmid_1,437478,A,G
SNP_00830,plasmid_1,525831,A,G
SNP_00831,plasmid_1,283822,A,G
SNP_00832,plasmid_1,177805,A,G
SNP_00833,plasmid_1,705704,A,G
SNP_00834,plasmid_1,39082,A,G
SNP_00835,plasmid_1,718217,A,G
SNP_00836,plasmid_1,355250,A,G
SNP_00837,plasmid_1,219931,A,G
SNP_00838,plasmid_1,805498,A,G
SNP_00839,plasmid_1,517314,A,G
SNP_00840,plasmid_1,214533,A,G
SNP_00841,plasmid_1,612381,A,G
SNP_00842,plasmid_1,519333,A,G
SNP_00843,plasmid_1,316838,A,G
SNP_00844,plasmid_1,289107,A,G
SNP_00845,plasmid_1,28296,A,G
SNP_00846,plasmid_1,13808,A,G
SNP_00847,plasmid_1,435565,A,G
SNP_00848,plasmid_1,157505,A,G
SNP_00849,plasmid_1,238068,A,G
SNP_00850,plasmid_1,485009,A,G
SNP_00851,plasmid_1,975359,A,G
SNP_00852,plasmid_1,957767,A,G
SNP_00853,plasmid_1,692441,A,G
SNP_00854,plasmid_1,394541,A,G
SNP_00855,plasmid_1,877700,A,G
SNP_00856,plasmid_1,517924,A,G
SNP_00857,plasmid_1,166982,A,G
SNP_00858,plasmid_1,744700,A,G
SNP_00859,plasmid_1,19871,A,G
SNP_00860,plasmid_1,952083,A,G
SNP_00861,plasmid_1,203197,A,G
SNP_00862,plasmid_1,248684,A,G
SNP_00863,plasmid_1,234678,A,G
SNP_00864,plasmid_1,26791,A,G
SNP_00865,plasmid_1,643163,A,G
SNP_00866,plasmid_1,811722,A,G
SNP_00867,plasmid_1,448346,A,G
SNP_00868,plasmid_1,749075,A,G
SNP_00869,plasmid_1,487463,A,G
SNP_00870,plasmid_1,539774,A,G
SNP_00871,plasmid_1,830915,A,G
SNP_00872,plasmid_1,86189,A,G
SNP_00873,plasmid_1,529037,A,G
SNP_00874,plasmid_1,742130,A,G
SNP_00875,plasmid_1,664796,A,G
SNP_00876,plasmid_1,790142,A,G
SNP_00877,plasmid_1,648250,A,G
SNP_00878,plasmid_1,30356,A,G
SNP_00879,plasmid_1,711132,A,G
SNP_00880,plasmid_1,451016,A,G
SNP_00881,plasmid_1,406333,A,G
SNP_00882,plasmid_1,156543,A,G
SNP_00883,plasmid_1,173417,A,G
SNP_00884,plasmid_1,305063,A,G
SNP_00885,plasmid_1,838657,A,G
SNP_00886,plasmid_1,563587,A,G
SNP_00887,plasmid_1,501709,A,G
SNP_00888,plasmid_1,866652,A,G
SNP_00889,plasmid_1,61630,A,G
SNP_00890,plasmid_1,328185,A,G
SNP_00891,plasmid_1,492735,A,G
SNP_00892,plasmid_1,755196,A,G
SNP_00893,plasmid_1,290161,A,G
SNP_00894,plasmid_1,548249,A,G
SNP_00895,plasmid_1,820024,A,G
SNP_00896,plasmid_1,213921,A,G
SNP_00897,plasmid_1,889766,A,G
SNP_00898,plasmid_1,242805,A,G
SNP_00899,plasmid_1,376966,A,G
SNP_00900,plasmid_1,460858,A,G
SNP_00901,plasmid_1,822828,A,G
SNP_00902,plasmid_1,504493,A,G
SNP_00903,plasmid_1,653984,A,G
SNP_00904,plasmid_1,415917,A,G
SNP_00905,plasmid_1,821053,A,G
SNP_00906,plasmid_1,758575,A,G
SNP_00907,plasmid_1,128149,A,G
SNP_00908,plasmid_1,806992,A,G
SNP_00909,plasmid_1,486262,A,G
SNP_00910,plasmid_1,355541,A,G
SNP_00911,plasmid_1,192715,A,G
SNP_00912,plasmid_1,731900,A,G
SNP_00913,plasmid_1,283877,A,G
SNP_00914,plasmid_1,259748,A,G
SNP_00915,plasmid_1,615651,A,G
SNP_00916,plasmid_1,423571,A,G
SNP_00917,plasmid_1,275988,A,G
SNP_00918,plasmid_1,638354,A,G
SNP_00919,plasmid_1,858159,A,G
SNP_00920,plasmid_1,17641,A,G
SNP_00921,plasmid_1,52529,A,G
SNP_00922,plasmid_1,824846,A,G
SNP_00923,plasmid_1,259215,A,G
SNP_00924,plasmid_1,839071,A,G
SNP_00925,plasmid_1,970241,A,G
SNP_00926,plasmid_1,501109,A,G
SNP_00927,plasmid_1,634422,A,G
SNP_00928,plasmid_1,368502,A,G
SNP_00929,plasmid_1,724227,A,G
SNP_00930,plasmid_1,150160,A,G
SNP_00931,plasmid_1,172503,A,G
SNP_00932,plasmid_1,155577,A,G
SNP_00933,plasmid_1,924619,A,G
SNP_00934,plasmid_1,865292,A,G
SNP_00935,plasmid_1,886090,A,G
SNP_00936,plasmid_1,928480,A,G
SNP_00937,plasmid_1,11024,A,G
SNP_00938,plasmid_1,545736,A,G
SNP_00939,plasmid_1,388044,A,G
SNP_00940,plasmid_1,286104,A,G
SNP_00941,plasmid_1,66204,A,G
SNP_00942,plasmid_1,905589,A,G
SNP_00943,plasmid_1,160776,A,G
SNP_00944,plasmid_1,9338,A,G
SNP_00945,plasmid_1,570716,A,G
SNP_00946,plasmid_1,514724,A,G
SNP_00947,plasmid_1,323674,A,G
SNP_00948,plasmid_1,364168,A,G
SNP_00949,plasmid_1,346810,A,G
SNP_00950,plasmid_2,630076,A,G
SNP_00951,plasmid_2,687282,A,G
SNP_00952,plasmid_2,295452,A,G
SNP_00953,plasmid_2,420572,A,G
SNP_00954,plasmid_2,127017,A,G
SNP_00955,plasmid_2,791268,A,G
SNP_00956,plasmid_2,544448,A,G
SNP_00957,plasmid_2,497563,A,G
SNP_00958,plasmid_2,702966,A,G
SNP_00959,plasmid_2,383935,A,G
SNP_00960,plasmid_2,892049,A,G
SNP_00961,plasmid_2,955593,A,G
SNP_00962,plasmid_2,865185,A,G
SNP_00963,plasmid_2,317429,A,G
SNP_00964,plasmid_2,319188,A,G
SNP_00965,plasmid_2,690908,A,G
SNP_00966,plasmid_2,883440,A,G
SNP_00967,plasmid_2,82845,A,G
SNP_00968,plasmid_2,551821,A,G
SNP_00969,plasmid_2,165422,A,G
SNP_00970,plasmid_2,122403,A,G
SNP_00971,plasmid_2,118013,A,G
SNP_00972,plasmid_2,438662,A,G
SNP_00973,plasmid_2,398930,A,G
SNP_00974,plasmid_2,580467,A,G
SNP_00975,plasmid_2,573696,A,G
SNP_00976,plasmid_2,463557,A,G
SNP_00977,plasmid_2,575279,A,G
SNP_00978,plasmid_2,993177,A,G
SNP_00979,plasmid_2,129474,A,G
SNP_00980,plasmid_2,983050,A,G
SNP_00981,plasmid_2,478008,A,G
SNP_00982,plasmid_2,844574,A,G
SNP_00983,plasmid_2,417010,A,G
SNP_00984,plasmid_2,318715,A,G
SNP_00985,plasmid_2,226157,A,G
SNP_00986,plasmid_2,168965,A,G
SNP_00987,plasmid_2,525304,A,G
SNP_00988,plasmid_2,61814,A,G
SNP_00989,plasmid_2,27713,A,G
SNP_00990,plasmid_2,624786,A,G
SNP_00991,plasmid_2,925920,A,G
SNP_00992,plasmid_2,767215,A,G
SNP_00993,plasmid_2,112817,A,G
SNP_00994,plasmid_2,128779,A,G
SNP_00995,plasmid_2,586581,A,G
SNP_00996,plasmid_2,285978,A,G
SNP_00997,plasmid_2,135231,A,G
SNP_00998,plasmid_2,718041,A,G
SNP_00999,plasmid_2,806742,A,G
