snp_id,n_called,n_missing,missing_rate,allele_freq,maf
SNP_00000,98,2,0.02,0.7755102040816326,0.22448979591836737
SNP_00003,99,1,0.01,0.40404040404040403,0.40404040404040403
SNP_00004,96,4,0.04,0.71875,0.28125
SNP_00005,99,1,0.01,0.43434343434343436,0.43434343434343436
SNP_00006,99,1,0.01,0.6363636363636364,0.36363636363636365
SNP_00009,100,0,0.0,0.16,0.16
SNP_00010,99,1,0.01,0.1111111111111111,0.1111111111111111
SNP_00012,97,3,0.03,0.7628865979381443,0.23711340206185572
SNP_00013,98,2,0.02,0.5408163265306123,0.4591836734693877
SNP_00014,100,0,0.0,0.39,0.39
SNP_00016,100,0,0.0,0.63,0.37
SNP_00017,98,2,0.02,0.30612244897959184,0.30612244897959184
SNP_00018,100,0,0.0,0.19,0.19
SNP_00021,99,1,0.01,0.7474747474747475,0.2525252525252525
SNP_00022,97,3,0.03,0.7319587628865979,0.2680412371134021
SNP_00023,98,2,0.02,0.6224489795918368,0.37755102040816324
SNP_00024,97,3,0.03,0.7422680412371134,0.25773195876288657
SNP_00025,97,3,0.03,0.8865979381443299,0.11340206185567014
SNP_00026,98,2,0.02,0.7755102040816326,0.22448979591836737
SNP_00027,96,4,0.04,0.07291666666666667,0.07291666666666667
SNP_00028,98,2,0.02,0.47959183673469385,0.47959183673469385
SNP_00030,100,0,0.0,0.71,0.29000000000000004
SNP_00032,99,1,0.01,0.494949494949495,0.494949494949495
SNP_00034,100,0,0.0,0.57,0.43000000000000005
SNP_00035,98,2,0.02,0.12244897959183673,0.12244897959183673
SNP_00039,100,0,0.0,0.62,0.38
SNP_00041,97,3,0.03,0.5567010309278351,0.44329896907216493
SNP_00043,98,2,0.02,0.9183673469387755,0.08163265306122447
SNP_00044,99,1,0.01,0.898989898989899,0.101010101010101
SNP_00045,99,1,0.01,0.9494949494949495,0.0505050505050505
SNP_00047,99,1,0.01,0.30303030303030304,0.30303030303030304
SNP_00048,100,0,0.0,0.66,0.33999999999999997
SNP_00049,93,7,0.07,0.5698924731182796,0.4301075268817204
SNP_00050,97,3,0.03,0.3917525773195876,0.3917525773195876
SNP_00051,98,2,0.02,0.47959183673469385,0.47959183673469385
SNP_00052,97,3,0.03,0.6804123711340206,0.31958762886597936
SNP_00053,98,2,0.02,0.11224489795918367,0.11224489795918367
SNP_00054,100,0,0.0,0.82,0.18000000000000005
SNP_00055,97,3,0.03,0.711340206185567,0.28865979381443296
SNP_00057,98,2,0.02,0.19387755102040816,0.19387755102040816
SNP_00058,97,3,0.03,0.26804123711340205,0.26804123711340205
SNP_00061,98,2,0.02,0.9489795918367347,0.05102040816326525
SNP_00063,100,0,0.0,0.68,0.31999999999999995
SNP_00064,99,1,0.01,0.15151515151515152,0.15151515151515152
SNP_00067,96,4,0.04,0.6458333333333334,0.35416666666666663
SNP_00069,97,3,0.03,0.8556701030927835,0.14432989690721654
SNP_00070,98,2,0.02,0.7551020408163265,0.24489795918367352
SNP_00071,99,1,0.01,0.37373737373737376,0.37373737373737376
SNP_00072,98,2,0.02,0.8469387755102041,0.15306122448979587
SNP_00076,100,0,0.0,0.35,0.35
SNP_00078,97,3,0.03,0.7628865979381443,0.23711340206185572
SNP_00079,100,0,0.0,0.24,0.24
SNP_00081,96,4,0.04,0.3125,0.3125
SNP_00082,99,1,0.01,0.21212121212121213,0.21212121212121213
SNP_00083,99,1,0.01,0.7171717171717171,0.2828282828282829
SNP_00084,100,0,0.0,0.6,0.4
SNP_00085,99,1,0.01,0.3434343434343434,0.3434343434343434
SNP_00086,100,0,0.0,0.44,0.44
SNP_00088,98,2,0.02,0.14285714285714285,0.14285714285714285
SNP_00089,99,1,0.01,0.5656565656565656,0.43434343434343436
SNP_00091,97,3,0.03,0.29896907216494845,0.29896907216494845
SNP_00092,97,3,0.03,0.9484536082474226,0.05154639175257736
SNP_00093,98,2,0.02,0.07142857142857142,0.07142857142857142
SNP_00094,100,0,0.0,0.29,0.29
SNP_00096,100,0,0.0,0.39,0.39
SNP_00097,99,1,0.01,0.5656565656565656,0.43434343434343436
SNP_00098,98,2,0.02,0.5102040816326531,0.4897959183673469
SNP_00099,98,2,0.02,0.25510204081632654,0.25510204081632654
SNP_00101,97,3,0.03,0.32989690721649484,0.32989690721649484
SNP_00102,96,4,0.04,0.25,0.25
SNP_00103,97,3,0.03,0.1134020618556701,0.1134020618556701
SNP_00104,98,2,0.02,0.9489795918367347,0.05102040816326525
SNP_00105,95,5,0.05,0.21052631578947367,0.21052631578947367
SNP_00106,96,4,0.04,0.65625,0.34375
SNP_00110,99,1,0.01,0.2222222222222222,0.2222222222222222
SNP_00111,99,1,0.01,0.26262626262626265,0.26262626262626265
SNP_00112,97,3,0.03,0.5360824742268041,0.4639175257731959
SNP_00113,100,0,0.0,0.9,0.09999999999999998
SNP_00114,98,2,0.02,0.6224489795918368,0.37755102040816324
SNP_00115,96,4,0.04,0.8020833333333334,0.19791666666666663
SNP_00116,98,2,0.02,0.9081632653061225,0.09183673469387754
SNP_00117,99,1,0.01,0.5757575757575758,0.4242424242424242
SNP_00119,96,4,0.04,0.5729166666666666,0.42708333333333337
SNP_00121,97,3,0.03,0.18556701030927836,0.18556701030927836
SNP_00122,98,2,0.02,0.9285714285714286,0.0714285714285714
SNP_00123,98,2,0.02,0.1326530612244898,0.1326530612244898
SNP_00124,98,2,0.02,0.5816326530612245,0.41836734693877553
SNP_00125,96,4,0.04,0.15625,0.15625
SNP_00126,96,4,0.04,0.8958333333333334,0.10416666666666663
SNP_00127,98,2,0.02,0.5408163265306123,0.4591836734693877
SNP_00128,98,2,0.02,0.30612244897959184,0.30612244897959184
SNP_00129,98,2,0.02,0.8469387755102041,0.15306122448979587
SNP_00130,99,1,0.01,0.35353535353535354,0.35353535353535354
SNP_00131,99,1,0.01,0.18181818181818182,0.18181818181818182
SNP_00132,98,2,0.02,0.8163265306122449,0.18367346938775508
SNP_00133,97,3,0.03,0.7010309278350515,0.2989690721649485
SNP_00134,98,2,0.02,0.5714285714285714,0.4285714285714286
SNP_00135,100,0,0.0,0.27,0.27
SNP_00136,98,2,0.02,0.05102040816326531,0.05102040816326531
SNP_00138,98,2,0.02,0.10204081632653061,0.10204081632653061
SNP_00139,98,2,0.02,0.25510204081632654,0.25510204081632654
SNP_00140,97,3,0.03,0.8350515463917526,0.1649484536082474
SNP_00141,98,2,0.02,0.8673469387755102,0.13265306122448983
SNP_00142,100,0,0.0,0.06,0.06
SNP_00143,97,3,0.03,0.8247422680412371,0.17525773195876293
SNP_00144,99,1,0.01,0.3333333333333333,0.3333333333333333
SNP_00145,96,4,0.04,0.10416666666666667,0.10416666666666667
SNP_00146,99,1,0.01,0.898989898989899,0.101010101010101
SNP_00147,97,3,0.03,0.422680412371134,0.422680412371134
SNP_00149,100,0,0.0,0.82,0.18000000000000005
SNP_00150,96,4,0.04,0.78125,0.21875
SNP_00152,98,2,0.02,0.11224489795918367,0.11224489795918367
SNP_00153,97,3,0.03,0.12371134020618557,0.12371134020618557
SNP_00154,98,2,0.02,0.10204081632653061,0.10204081632653061
SNP_00156,97,3,0.03,0.865979381443299,0.134020618556701
SNP_00157,97,3,0.03,0.3917525773195876,0.3917525773195876
SNP_00158,99,1,0.01,0.8383838383838383,0.16161616161616166
SNP_00159,97,3,0.03,0.6701030927835051,0.3298969072164949
SNP_00161,97,3,0.03,0.41237113402061853,0.41237113402061853
SNP_00162,98,2,0.02,0.7448979591836735,0.2551020408163265
SNP_00163,98,2,0.02,0.673469387755102,0.326530612244898
SNP_00165,96,4,0.04,0.3125,0.3125
SNP_00166,99,1,0.01,0.29292929292929293,0.29292929292929293
SNP_00167,99,1,0.01,0.47474747474747475,0.47474747474747475
SNP_00168,97,3,0.03,0.8865979381443299,0.11340206185567014
SNP_00169,99,1,0.01,0.5858585858585859,0.41414141414141414
SNP_00170,99,1,0.01,0.31313131313131315,0.31313131313131315
SNP_00171,100,0,0.0,0.6,0.4
SNP_00175,99,1,0.01,0.6060606060606061,0.3939393939393939
SNP_00177,96,4,0.04,0.7708333333333334,0.22916666666666663
SNP_00178,98,2,0.02,0.8775510204081632,0.12244897959183676
SNP_00180,98,2,0.02,0.7040816326530612,0.29591836734693877
SNP_00181,98,2,0.02,0.45918367346938777,0.45918367346938777
SNP_00182,97,3,0.03,0.25773195876288657,0.25773195876288657
SNP_00183,100,0,0.0,0.62,0.38
SNP_00184,99,1,0.01,0.5050505050505051,0.4949494949494949
SNP_00187,99,1,0.01,0.09090909090909091,0.09090909090909091
SNP_00188,99,1,0.01,0.6565656565656566,0.3434343434343434
SNP_00190,98,2,0.02,0.5918367346938775,0.40816326530612246
SNP_00193,99,1,0.01,0.5959595959595959,0.4040404040404041
SNP_00194,97,3,0.03,0.8762886597938144,0.12371134020618557
SNP_00195,98,2,0.02,0.8775510204081632,0.12244897959183676
SNP_00196,98,2,0.02,0.08163265306122448,0.08163265306122448
SNP_00198,97,3,0.03,0.32989690721649484,0.32989690721649484
SNP_00199,98,2,0.02,0.7142857142857143,0.2857142857142857
SNP_00200,97,3,0.03,0.5979381443298969,0.4020618556701031
SNP_00201,97,3,0.03,0.5773195876288659,0.4226804123711341
SNP_00202,100,0,0.0,0.3,0.3
SNP_00203,98,2,0.02,0.46938775510204084,0.46938775510204084
SNP_00204,99,1,0.01,0.5959595959595959,0.4040404040404041
SNP_00205,100,0,0.0,0.2,0.2
SNP_00206,98,2,0.02,0.4897959183673469,0.4897959183673469
SNP_00208,98,2,0.02,0.1326530612244898,0.1326530612244898
SNP_00211,99,1,0.01,0.8282828282828283,0.1717171717171717
SNP_00212,98,2,0.02,0.40816326530612246,0.40816326530612246
SNP_00213,97,3,0.03,0.3402061855670103,0.3402061855670103
SNP_00214,96,4,0.04,0.11458333333333333,0.11458333333333333
SNP_00215,100,0,0.0,0.35,0.35
SNP_00217,97,3,0.03,0.05154639175257732,0.05154639175257732
SNP_00218,98,2,0.02,0.6020408163265306,0.3979591836734694
SNP_00219,98,2,0.02,0.05102040816326531,0.05102040816326531
SNP_00220,96,4,0.04,0.1875,0.1875
SNP_00221,98,2,0.02,0.8673469387755102,0.13265306122448983
SNP_00222,98,2,0.02,0.17346938775510204,0.17346938775510204
SNP_00228,93,7,0.07,0.8924731182795699,0.10752688172043012
SNP_00229,99,1,0.01,0.5050505050505051,0.4949494949494949
SNP_00230,99,1,0.01,0.8282828282828283,0.1717171717171717
SNP_00231,97,3,0.03,0.4742268041237113,0.4742268041237113
SNP_00232,97,3,0.03,0.4020618556701031,0.4020618556701031
SNP_00234,98,2,0.02,0.6020408163265306,0.3979591836734694
SNP_00235,96,4,0.04,0.2604166666666667,0.2604166666666667
SNP_00238,99,1,0.01,0.5050505050505051,0.4949494949494949
SNP_00243,99,1,0.01,0.5757575757575758,0.4242424242424242
SNP_00244,99,1,0.01,0.7373737373737373,0.26262626262626265
SNP_00245,97,3,0.03,0.9072164948453608,0.09278350515463918
SNP_00246,100,0,0.0,0.49,0.49
SNP_00247,97,3,0.03,0.6391752577319587,0.3608247422680413
SNP_00249,96,4,0.04,0.9270833333333334,0.07291666666666663
SNP_00250,97,3,0.03,0.21649484536082475,0.21649484536082475
SNP_00252,99,1,0.01,0.06060606060606061,0.06060606060606061
SNP_00254,95,5,0.05,0.8947368421052632,0.10526315789473684
SNP_00255,97,3,0.03,0.845360824742268,0.15463917525773196
SNP_00256,98,2,0.02,0.22448979591836735,0.22448979591836735
SNP_00257,96,4,0.04,0.0625,0.0625
SNP_00259,98,2,0.02,0.20408163265306123,0.20408163265306123
SNP_00261,96,4,0.04,0.84375,0.15625
SNP_00262,98,2,0.02,0.061224489795918366,0.061224489795918366
SNP_00265,97,3,0.03,0.6804123711340206,0.31958762886597936
SNP_00266,97,3,0.03,0.41237113402061853,0.41237113402061853
SNP_00267,98,2,0.02,0.6836734693877551,0.3163265306122449
SNP_00268,96,4,0.04,0.59375,0.40625
SNP_00270,98,2,0.02,0.7346938775510204,0.26530612244897955
SNP_00271,96,4,0.04,0.9479166666666666,0.05208333333333337
SNP_00274,99,1,0.01,0.29292929292929293,0.29292929292929293
SNP_00275,100,0,0.0,0.1,0.1
SNP_00276,96,4,0.04,0.8958333333333334,0.10416666666666663
SNP_00279,100,0,0.0,0.79,0.20999999999999996
SNP_00280,97,3,0.03,0.5360824742268041,0.4639175257731959
SNP_00282,100,0,0.0,0.58,0.42000000000000004
SNP_00283,98,2,0.02,0.4489795918367347,0.4489795918367347
SNP_00284,97,3,0.03,0.38144329896907214,0.38144329896907214
SNP_00285,100,0,0.0,0.23,0.23
SNP_00286,98,2,0.02,0.4489795918367347,0.4489795918367347
SNP_00288,99,1,0.01,0.0707070707070707,0.0707070707070707
SNP_00289,100,0,0.0,0.95,0.050000000000000044
SNP_00291,99,1,0.01,0.42424242424242425,0.42424242424242425
SNP_00292,100,0,0.0,0.13,0.13
SNP_00293,100,0,0.0,0.61,0.39
SNP_00294,99,1,0.01,0.7777777777777778,0.2222222222222222
SNP_00295,97,3,0.03,0.6701030927835051,0.3298969072164949
SNP_00297,96,4,0.04,0.2604166666666667,0.2604166666666667
SNP_00298,97,3,0.03,0.5670103092783505,0.4329896907216495
SNP_00302,97,3,0.03,0.20618556701030927,0.20618556701030927
SNP_00303,99,1,0.01,0.06060606060606061,0.06060606060606061
SNP_00305,99,1,0.01,0.8080808080808081,0.19191919191919193
SNP_00306,95,5,0.05,0.06315789473684211,0.06315789473684211
SNP_00309,98,2,0.02,0.3877551020408163,0.3877551020408163
SNP_00310,96,4,0.04,0.8541666666666666,0.14583333333333337
SNP_00311,99,1,0.01,0.6161616161616161,0.38383838383838387
SNP_00312,99,1,0.01,0.6161616161616161,0.38383838383838387
SNP_00313,98,2,0.02,0.37755102040816324,0.37755102040816324
SNP_00315,96,4,0.04,0.13541666666666666,0.13541666666666666
SNP_00316,95,5,0.05,0.5578947368421052,0.4421052631578948
SNP_00317,99,1,0.01,0.7070707070707071,0.29292929292929293
SNP_00318,94,6,0.06,0.7978723404255319,0.2021276595744681
SNP_00319,99,1,0.01,0.23232323232323232,0.23232323232323232
SNP_00320,98,2,0.02,0.826530612244898,0.173469387755102
SNP_00321,100,0,0.0,0.1,0.1
SNP_00323,99,1,0.01,0.24242424242424243,0.24242424242424243
SNP_00325,99,1,0.01,0.8282828282828283,0.1717171717171717
SNP_00326,98,2,0.02,0.8163265306122449,0.18367346938775508
SNP_00327,99,1,0.01,0.9494949494949495,0.0505050505050505
SNP_00328,99,1,0.01,0.3838383838383838,0.3838383838383838
SNP_00329,99,1,0.01,0.48484848484848486,0.48484848484848486
SNP_00331,98,2,0.02,0.5306122448979592,0.4693877551020408
SNP_00332,99,1,0.01,0.5252525252525253,0.4747474747474747
SNP_00333,97,3,0.03,0.21649484536082475,0.21649484536082475
SNP_00334,99,1,0.01,0.08080808080808081,0.08080808080808081
SNP_00335,96,4,0.04,0.3333333333333333,0.3333333333333333
SNP_00336,99,1,0.01,0.7676767676767676,0.23232323232323238
SNP_00337,96,4,0.04,0.6666666666666666,0.33333333333333337
SNP_00340,98,2,0.02,0.5408163265306123,0.4591836734693877
SNP_00342,97,3,0.03,0.7938144329896907,0.20618556701030932
SNP_00343,97,3,0.03,0.1134020618556701,0.1134020618556701
SNP_00345,95,5,0.05,0.6842105263157895,0.3157894736842105
SNP_00346,100,0,0.0,0.55,0.44999999999999996
SNP_00347,98,2,0.02,0.8163265306122449,0.18367346938775508
SNP_00348,96,4,0.04,0.3333333333333333,0.3333333333333333
SNP_00350,97,3,0.03,0.31958762886597936,0.31958762886597936
SNP_00351,97,3,0.03,0.9381443298969072,0.061855670103092786
SNP_00352,99,1,0.01,0.46464646464646464,0.46464646464646464
SNP_00353,100,0,0.0,0.79,0.20999999999999996
SNP_00354,98,2,0.02,0.3163265306122449,0.3163265306122449
SNP_00355,97,3,0.03,0.7216494845360825,0.27835051546391754
SNP_00358,96,4,0.04,0.9375,0.0625
SNP_00359,94,6,0.06,0.851063829787234,0.14893617021276595
SNP_00360,98,2,0.02,0.7551020408163265,0.24489795918367352
SNP_00361,96,4,0.04,0.052083333333333336,0.052083333333333336
SNP_00362,98,2,0.02,0.7346938775510204,0.26530612244897955
SNP_00363,98,2,0.02,0.32653061224489793,0.32653061224489793
SNP_00365,99,1,0.01,0.16161616161616163,0.16161616161616163
SNP_00366,97,3,0.03,0.27835051546391754,0.27835051546391754
SNP_00367,99,1,0.01,0.5353535353535354,0.46464646464646464
SNP_00369,96,4,0.04,0.9270833333333334,0.07291666666666663
SNP_00370,98,2,0.02,0.07142857142857142,0.07142857142857142
SNP_00371,100,0,0.0,0.33,0.33
SNP_00372,100,0,0.0,0.94,0.06000000000000005
SNP_00374,97,3,0.03,0.05154639175257732,0.05154639175257732
SNP_00375,98,2,0.02,0.05102040816326531,0.05102040816326531
SNP_00376,98,2,0.02,0.6632653061224489,0.33673469387755106
SNP_00377,97,3,0.03,0.8144329896907216,0.18556701030927836
SNP_00378,97,3,0.03,0.7938144329896907,0.20618556701030932
SNP_00380,99,1,0.01,0.898989898989899,0.101010101010101
SNP_00381,100,0,0.0,0.09,0.09
SNP_00382,94,6,0.06,0.4787234042553192,0.4787234042553192
SNP_00383,97,3,0.03,0.7731958762886598,0.22680412371134018
SNP_00384,100,0,0.0,0.45,0.45
SNP_00385,99,1,0.01,0.6565656565656566,0.3434343434343434
SNP_00386,97,3,0.03,0.41237113402061853,0.41237113402061853
SNP_00387,100,0,0.0,0.58,0.42000000000000004
SNP_00389,98,2,0.02,0.09183673469387756,0.09183673469387756
SNP_00390,100,0,0.0,0.68,0.31999999999999995
SNP_00392,98,2,0.02,0.10204081632653061,0.10204081632653061
SNP_00393,97,3,0.03,0.26804123711340205,0.26804123711340205
SNP_00394,99,1,0.01,0.31313131313131315,0.31313131313131315
SNP_00395,95,5,0.05,0.28421052631578947,0.28421052631578947
SNP_00396,99,1,0.01,0.20202020202020202,0.20202020202020202
SNP_00398,97,3,0.03,0.7628865979381443,0.23711340206185572
SNP_00399,96,4,0.04,0.21875,0.21875
SNP_00400,99,1,0.01,0.5555555555555556,0.4444444444444444
SNP_00401,99,1,0.01,0.5858585858585859,0.41414141414141414
SNP_00402,96,4,0.04,0.4479166666666667,0.4479166666666667
SNP_00404,97,3,0.03,0.7628865979381443,0.23711340206185572
SNP_00407,98,2,0.02,0.17346938775510204,0.17346938775510204
SNP_00408,98,2,0.02,0.07142857142857142,0.07142857142857142
SNP_00410,100,0,0.0,0.77,0.22999999999999998
SNP_00411,99,1,0.01,0.9393939393939394,0.06060606060606055
SNP_00413,100,0,0.0,0.45,0.45
SNP_00414,99,1,0.01,0.16161616161616163,0.16161616161616163
SNP_00415,100,0,0.0,0.8,0.19999999999999996
SNP_00416,98,2,0.02,0.14285714285714285,0.14285714285714285
SNP_00417,99,1,0.01,0.10101010101010101,0.10101010101010101
SNP_00418,96,4,0.04,0.28125,0.28125
SNP_00419,99,1,0.01,0.7676767676767676,0.23232323232323238
SNP_00420,94,6,0.06,0.9148936170212766,0.08510638297872342
SNP_00421,96,4,0.04,0.6979166666666666,0.30208333333333337
SNP_00422,99,1,0.01,0.08080808080808081,0.08080808080808081
SNP_00423,100,0,0.0,0.14,0.14
SNP_00424,97,3,0.03,0.09278350515463918,0.09278350515463918
SNP_00425,96,4,0.04,0.22916666666666666,0.22916666666666666
SNP_00426,99,1,0.01,0.7171717171717171,0.2828282828282829
SNP_00427,98,2,0.02,0.2857142857142857,0.2857142857142857
SNP_00429,99,1,0.01,0.16161616161616163,0.16161616161616163
SNP_00430,96,4,0.04,0.90625,0.09375
SNP_00431,97,3,0.03,0.5360824742268041,0.4639175257731959
SNP_00432,100,0,0.0,0.53,0.47
SNP_00433,100,0,0.0,0.19,0.19
SNP_00434,100,0,0.0,0.18,0.18
SNP_00436,98,2,0.02,0.8469387755102041,0.15306122448979587
SNP_00437,98,2,0.02,0.45918367346938777,0.45918367346938777
SNP_00438,99,1,0.01,0.20202020202020202,0.20202020202020202
SNP_00439,97,3,0.03,0.8762886597938144,0.12371134020618557
SNP_00440,97,3,0.03,0.5051546391752577,0.4948453608247423
SNP_00441,97,3,0.03,0.25773195876288657,0.25773195876288657
SNP_00443,99,1,0.01,0.42424242424242425,0.42424242424242425
SNP_00444,98,2,0.02,0.07142857142857142,0.07142857142857142
SNP_00445,96,4,0.04,0.19791666666666666,0.19791666666666666
SNP_00447,98,2,0.02,0.9285714285714286,0.0714285714285714
SNP_00449,97,3,0.03,0.1134020618556701,0.1134020618556701
SNP_00450,98,2,0.02,0.12244897959183673,0.12244897959183673
SNP_00451,97,3,0.03,0.5670103092783505,0.4329896907216495
SNP_00452,100,0,0.0,0.87,0.13
SNP_00453,93,7,0.07,0.24731182795698925,0.24731182795698925
SNP_00454,99,1,0.01,0.40404040404040403,0.40404040404040403
SNP_00455,99,1,0.01,0.6868686868686869,0.31313131313131315
SNP_00456,98,2,0.02,0.2755102040816326,0.2755102040816326
SNP_00457,98,2,0.02,0.07142857142857142,0.07142857142857142
SNP_00459,98,2,0.02,0.6224489795918368,0.37755102040816324
SNP_00460,97,3,0.03,0.6804123711340206,0.31958762886597936
SNP_00461,99,1,0.01,0.5858585858585859,0.41414141414141414
SNP_00462,97,3,0.03,0.32989690721649484,0.32989690721649484
SNP_00463,99,1,0.01,0.6060606060606061,0.3939393939393939
SNP_00464,97,3,0.03,0.9381443298969072,0.061855670103092786
SNP_00467,100,0,0.0,0.28,0.28
SNP_00468,99,1,0.01,0.696969696969697,0.303030303030303
SNP_00471,99,1,0.01,0.7575757575757576,0.24242424242424243
SNP_00473,100,0,0.0,0.05,0.05
SNP_00474,100,0,0.0,0.08,0.08
SNP_00476,99,1,0.01,0.696969696969697,0.303030303030303
SNP_00477,99,1,0.01,0.3333333333333333,0.3333333333333333
SNP_00478,98,2,0.02,0.5,0.5
SNP_00479,99,1,0.01,0.26262626262626265,0.26262626262626265
SNP_00480,95,5,0.05,0.7684210526315789,0.2315789473684211
SNP_00481,98,2,0.02,0.8979591836734694,0.10204081632653061
SNP_00483,96,4,0.04,0.6666666666666666,0.33333333333333337
SNP_00484,98,2,0.02,0.5102040816326531,0.4897959183673469
SNP_00485,96,4,0.04,0.84375,0.15625
SNP_00486,96,4,0.04,0.5104166666666666,0.48958333333333337
SNP_00487,98,2,0.02,0.11224489795918367,0.11224489795918367
SNP_00488,100,0,0.0,0.81,0.18999999999999995
SNP_00489,96,4,0.04,0.7395833333333334,0.26041666666666663
SNP_00490,97,3,0.03,0.5360824742268041,0.4639175257731959
SNP_00491,96,4,0.04,0.11458333333333333,0.11458333333333333
SNP_00492,99,1,0.01,0.9191919191919192,0.08080808080808077
SNP_00493,99,1,0.01,0.13131313131313133,0.13131313131313133
SNP_00494,98,2,0.02,0.6530612244897959,0.34693877551020413
SNP_00495,99,1,0.01,0.9494949494949495,0.0505050505050505
SNP_00496,97,3,0.03,0.7731958762886598,0.22680412371134018
SNP_00497,99,1,0.01,0.898989898989899,0.101010101010101
SNP_00499,99,1,0.01,0.12121212121212122,0.12121212121212122
SNP_00500,97,3,0.03,0.7938144329896907,0.20618556701030932
SNP_00501,97,3,0.03,0.5463917525773195,0.45360824742268047
SNP_00503,96,4,0.04,0.6666666666666666,0.33333333333333337
SNP_00505,97,3,0.03,0.061855670103092786,0.061855670103092786
SNP_00506,97,3,0.03,0.07216494845360824,0.07216494845360824
SNP_00507,96,4,0.04,0.7291666666666666,0.27083333333333337
SNP_00508,98,2,0.02,0.30612244897959184,0.30612244897959184
SNP_00509,98,2,0.02,0.061224489795918366,0.061224489795918366
SNP_00510,98,2,0.02,0.23469387755102042,0.23469387755102042
SNP_00514,97,3,0.03,0.8969072164948454,0.1030927835051546
SNP_00515,97,3,0.03,0.5876288659793815,0.41237113402061853
SNP_00516,95,5,0.05,0.8210526315789474,0.17894736842105263
SNP_00517,100,0,0.0,0.31,0.31
SNP_00519,99,1,0.01,0.9393939393939394,0.06060606060606055
SNP_00522,100,0,0.0,0.94,0.06000000000000005
SNP_00523,96,4,0.04,0.8541666666666666,0.14583333333333337
SNP_00525,99,1,0.01,0.050505050505050504,0.050505050505050504
SNP_00527,99,1,0.01,0.16161616161616163,0.16161616161616163
SNP_00529,100,0,0.0,0.33,0.33
SNP_00530,97,3,0.03,0.9072164948453608,0.09278350515463918
SNP_00531,99,1,0.01,0.1414141414141414,0.1414141414141414
SNP_00532,98,2,0.02,0.7244897959183674,0.2755102040816326
SNP_00534,100,0,0.0,0.81,0.18999999999999995
SNP_00535,98,2,0.02,0.8979591836734694,0.10204081632653061
SNP_00536,99,1,0.01,0.5050505050505051,0.4949494949494949
SNP_00537,100,0,0.0,0.65,0.35
SNP_00538,99,1,0.01,0.898989898989899,0.101010101010101
SNP_00539,96,4,0.04,0.16666666666666666,0.16666666666666666
SNP_00540,98,2,0.02,0.23469387755102042,0.23469387755102042
SNP_00543,95,5,0.05,0.18947368421052632,0.18947368421052632
SNP_00544,99,1,0.01,0.26262626262626265,0.26262626262626265
SNP_00545,99,1,0.01,0.5656565656565656,0.43434343434343436
SNP_00546,98,2,0.02,0.42857142857142855,0.42857142857142855
SNP_00548,98,2,0.02,0.7857142857142857,0.2142857142857143
SNP_00549,100,0,0.0,0.09,0.09
SNP_00550,99,1,0.01,0.9393939393939394,0.06060606060606055
SNP_00551,97,3,0.03,0.08247422680412371,0.08247422680412371
SNP_00552,99,1,0.01,0.7272727272727273,0.2727272727272727
SNP_00553,96,4,0.04,0.4479166666666667,0.4479166666666667
SNP_00554,99,1,0.01,0.29292929292929293,0.29292929292929293
SNP_00555,98,2,0.02,0.3163265306122449,0.3163265306122449
SNP_00557,100,0,0.0,0.45,0.45
SNP_00558,99,1,0.01,0.0707070707070707,0.0707070707070707
SNP_00559,99,1,0.01,0.6666666666666666,0.33333333333333337
SNP_00562,97,3,0.03,0.4742268041237113,0.4742268041237113
SNP_00563,97,3,0.03,0.422680412371134,0.422680412371134
SNP_00565,98,2,0.02,0.07142857142857142,0.07142857142857142
SNP_00567,98,2,0.02,0.5,0.5
SNP_00569,100,0,0.0,0.94,0.06000000000000005
SNP_00570,97,3,0.03,0.7525773195876289,0.24742268041237114
SNP_00571,98,2,0.02,0.9183673469387755,0.08163265306122447
SNP_00572,98,2,0.02,0.9081632653061225,0.09183673469387754
SNP_00574,98,2,0.02,0.826530612244898,0.173469387755102
SNP_00575,98,2,0.02,0.07142857142857142,0.07142857142857142
SNP_00576,97,3,0.03,0.8865979381443299,0.11340206185567014
SNP_00578,99,1,0.01,0.050505050505050504,0.050505050505050504
SNP_00579,100,0,0.0,0.46,0.46
SNP_00581,98,2,0.02,0.9285714285714286,0.0714285714285714
SNP_00582,100,0,0.0,0.47,0.47
SNP_00583,99,1,0.01,0.6161616161616161,0.38383838383838387
SNP_00586,98,2,0.02,0.07142857142857142,0.07142857142857142
SNP_00587,97,3,0.03,0.14432989690721648,0.14432989690721648
SNP_00589,99,1,0.01,0.6363636363636364,0.36363636363636365
SNP_00590,98,2,0.02,0.5510204081632653,0.44897959183673475
SNP_00591,100,0,0.0,0.43,0.43
SNP_00592,94,6,0.06,0.9148936170212766,0.08510638297872342
SNP_00595,96,4,0.04,0.65625,0.34375
SNP_00596,96,4,0.04,0.14583333333333334,0.14583333333333334
SNP_00597,99,1,0.01,0.13131313131313133,0.13131313131313133
SNP_00598,97,3,0.03,0.7525773195876289,0.24742268041237114
SNP_00600,95,5,0.05,0.24210526315789474,0.24210526315789474
SNP_00601,98,2,0.02,0.05102040816326531,0.05102040816326531
SNP_00602,97,3,0.03,0.25773195876288657,0.25773195876288657
SNP_00603,99,1,0.01,0.1111111111111111,0.1111111111111111
SNP_00604,95,5,0.05,0.9473684210526315,0.052631578947368474
SNP_00607,98,2,0.02,0.673469387755102,0.326530612244898
SNP_00608,99,1,0.01,0.37373737373737376,0.37373737373737376
SNP_00609,100,0,0.0,0.62,0.38
SNP_00610,98,2,0.02,0.8775510204081632,0.12244897959183676
SNP_00611,98,2,0.02,0.7551020408163265,0.24489795918367352
SNP_00612,99,1,0.01,0.050505050505050504,0.050505050505050504
SNP_00613,97,3,0.03,0.7422680412371134,0.25773195876288657
SNP_00614,96,4,0.04,0.7916666666666666,0.20833333333333337
SNP_00615,99,1,0.01,0.8282828282828283,0.1717171717171717
SNP_00617,99,1,0.01,0.696969696969697,0.303030303030303
SNP_00618,98,2,0.02,0.11224489795918367,0.11224489795918367
SNP_00619,99,1,0.01,0.3939393939393939,0.3939393939393939
SNP_00621,98,2,0.02,0.061224489795918366,0.061224489795918366
SNP_00622,96,4,0.04,0.2604166666666667,0.2604166666666667
SNP_00623,100,0,0.0,0.61,0.39
SNP_00624,99,1,0.01,0.9292929292929293,0.07070707070707072
SNP_00625,97,3,0.03,0.6391752577319587,0.3608247422680413
SNP_00626,99,1,0.01,0.21212121212121213,0.21212121212121213
SNP_00627,100,0,0.0,0.35,0.35
SNP_00628,98,2,0.02,0.9489795918367347,0.05102040816326525
SNP_00629,99,1,0.01,0.8787878787878788,0.12121212121212122
SNP_00630,98,2,0.02,0.7857142857142857,0.2142857142857143
SNP_00631,98,2,0.02,0.21428571428571427,0.21428571428571427
SNP_00632,98,2,0.02,0.5102040816326531,0.4897959183673469
SNP_00634,97,3,0.03,0.4742268041237113,0.4742268041237113
SNP_00636,99,1,0.01,0.15151515151515152,0.15151515151515152
SNP_00637,98,2,0.02,0.14285714285714285,0.14285714285714285
SNP_00639,97,3,0.03,0.1134020618556701,0.1134020618556701
SNP_00640,98,2,0.02,0.9183673469387755,0.08163265306122447
SNP_00642,97,3,0.03,0.7938144329896907,0.20618556701030932
SNP_00645,100,0,0.0,0.87,0.13
SNP_00646,99,1,0.01,0.9494949494949495,0.0505050505050505
SNP_00647,96,4,0.04,0.4895833333333333,0.4895833333333333
SNP_00649,99,1,0.01,0.6363636363636364,0.36363636363636365
SNP_00650,98,2,0.02,0.8571428571428571,0.1428571428571429
SNP_00651,98,2,0.02,0.6530612244897959,0.34693877551020413
SNP_00652,98,2,0.02,0.7448979591836735,0.2551020408163265
SNP_00653,99,1,0.01,0.050505050505050504,0.050505050505050504
SNP_00654,99,1,0.01,0.3939393939393939,0.3939393939393939
SNP_00655,98,2,0.02,0.9285714285714286,0.0714285714285714
SNP_00657,100,0,0.0,0.1,0.1
SNP_00659,99,1,0.01,0.050505050505050504,0.050505050505050504
SNP_00661,94,6,0.06,0.07446808510638298,0.07446808510638298
SNP_00662,96,4,0.04,0.9375,0.0625
SNP_00664,98,2,0.02,0.7448979591836735,0.2551020408163265
SNP_00665,98,2,0.02,0.12244897959183673,0.12244897959183673
SNP_00668,100,0,0.0,0.48,0.48
SNP_00669,99,1,0.01,0.25252525252525254,0.25252525252525254
SNP_00670,99,1,0.01,0.10101010101010101,0.10101010101010101
SNP_00671,97,3,0.03,0.7010309278350515,0.2989690721649485
SNP_00675,99,1,0.01,0.5050505050505051,0.4949494949494949
SNP_00676,98,2,0.02,0.5306122448979592,0.4693877551020408
SNP_00677,97,3,0.03,0.7628865979381443,0.23711340206185572
SNP_00678,100,0,0.0,0.82,0.18000000000000005
SNP_00680,97,3,0.03,0.7938144329896907,0.20618556701030932
SNP_00682,99,1,0.01,0.12121212121212122,0.12121212121212122
SNP_00684,99,1,0.01,0.494949494949495,0.494949494949495
SNP_00685,97,3,0.03,0.20618556701030927,0.20618556701030927
SNP_00686,97,3,0.03,0.4536082474226804,0.4536082474226804
SNP_00687,100,0,0.0,0.09,0.09
SNP_00688,98,2,0.02,0.3979591836734694,0.3979591836734694
SNP_00689,99,1,0.01,0.6262626262626263,0.3737373737373737
SNP_00690,99,1,0.01,0.2828282828282828,0.2828282828282828
SNP_00695,99,1,0.01,0.12121212121212122,0.12121212121212122
SNP_00696,99,1,0.01,0.5555555555555556,0.4444444444444444
SNP_00697,99,1,0.01,0.9393939393939394,0.06060606060606055
SNP_00698,99,1,0.01,0.1717171717171717,0.1717171717171717
SNP_00699,94,6,0.06,0.24468085106382978,0.24468085106382978
SNP_00700,97,3,0.03,0.24742268041237114,0.24742268041237114
SNP_00702,97,3,0.03,0.20618556701030927,0.20618556701030927
SNP_00703,98,2,0.02,0.5306122448979592,0.4693877551020408
SNP_00704,99,1,0.01,0.6666666666666666,0.33333333333333337
SNP_00705,98,2,0.02,0.42857142857142855,0.42857142857142855
SNP_00706,97,3,0.03,0.5876288659793815,0.41237113402061853
SNP_00708,99,1,0.01,0.25252525252525254,0.25252525252525254
SNP_00709,98,2,0.02,0.8163265306122449,0.18367346938775508
SNP_00711,100,0,0.0,0.09,0.09
SNP_00712,97,3,0.03,0.10309278350515463,0.10309278350515463
SNP_00715,99,1,0.01,0.15151515151515152,0.15151515151515152
SNP_00716,98,2,0.02,0.8775510204081632,0.12244897959183676
SNP_00717,99,1,0.01,0.8383838383838383,0.16161616161616166
SNP_00720,99,1,0.01,0.8686868686868687,0.13131313131313127
SNP_00722,97,3,0.03,0.4948453608247423,0.4948453608247423
SNP_00723,100,0,0.0,0.79,0.20999999999999996
SNP_00724,98,2,0.02,0.09183673469387756,0.09183673469387756
SNP_00725,96,4,0.04,0.22916666666666666,0.22916666666666666
SNP_00726,97,3,0.03,0.5154639175257731,0.48453608247422686
SNP_00727,98,2,0.02,0.6020408163265306,0.3979591836734694
SNP_00728,97,3,0.03,0.3917525773195876,0.3917525773195876
SNP_00729,97,3,0.03,0.44329896907216493,0.44329896907216493
SNP_00730,95,5,0.05,0.3157894736842105,0.3157894736842105
SNP_00731,96,4,0.04,0.6979166666666666,0.30208333333333337
SNP_00732,99,1,0.01,0.9292929292929293,0.07070707070707072
SNP_00733,98,2,0.02,0.12244897959183673,0.12244897959183673
SNP_00734,98,2,0.02,0.9285714285714286,0.0714285714285714
SNP_00735,94,6,0.06,0.26595744680851063,0.26595744680851063
SNP_00737,96,4,0.04,0.84375,0.15625
SNP_00739,97,3,0.03,0.26804123711340205,0.26804123711340205
SNP_00740,99,1,0.01,0.3333333333333333,0.3333333333333333
SNP_00744,96,4,0.04,0.4375,0.4375
SNP_00745,97,3,0.03,0.8556701030927835,0.14432989690721654
SNP_00747,98,2,0.02,0.30612244897959184,0.30612244897959184
SNP_00749,99,1,0.01,0.18181818181818182,0.18181818181818182
SNP_00751,98,2,0.02,0.7653061224489796,0.23469387755102045
SNP_00754,98,2,0.02,0.9183673469387755,0.08163265306122447
SNP_00755,99,1,0.01,0.20202020202020202,0.20202020202020202
SNP_00756,98,2,0.02,0.6224489795918368,0.37755102040816324
SNP_00757,96,4,0.04,0.13541666666666666,0.13541666666666666
SNP_00759,99,1,0.01,0.47474747474747475,0.47474747474747475
SNP_00760,96,4,0.04,0.5416666666666666,0.45833333333333337
SNP_00761,98,2,0.02,0.05102040816326531,0.05102040816326531
SNP_00763,99,1,0.01,0.8686868686868687,0.13131313131313127
SNP_00764,99,1,0.01,0.08080808080808081,0.08080808080808081
SNP_00765,99,1,0.01,0.20202020202020202,0.20202020202020202
SNP_00766,98,2,0.02,0.9489795918367347,0.05102040816326525
SNP_00767,98,2,0.02,0.3163265306122449,0.3163265306122449
SNP_00768,99,1,0.01,0.08080808080808081,0.08080808080808081
SNP_00769,96,4,0.04,0.9375,0.0625
SNP_00771,98,2,0.02,0.09183673469387756,0.09183673469387756
SNP_00772,98,2,0.02,0.8979591836734694,0.10204081632653061
SNP_00773,100,0,0.0,0.2,0.2
SNP_00774,98,2,0.02,0.2653061224489796,0.2653061224489796
SNP_00777,99,1,0.01,0.7575757575757576,0.24242424242424243
SNP_00779,99,1,0.01,0.5454545454545454,0.4545454545454546
SNP_00783,97,3,0.03,0.7422680412371134,0.25773195876288657
SNP_00784,95,5,0.05,0.25263157894736843,0.25263157894736843
SNP_00785,95,5,0.05,0.4631578947368421,0.4631578947368421
SNP_00786,96,4,0.04,0.3333333333333333,0.3333333333333333
SNP_00787,98,2,0.02,0.8877551020408163,0.11224489795918369
SNP_00788,98,2,0.02,0.4489795918367347,0.4489795918367347
SNP_00789,99,1,0.01,0.5151515151515151,0.48484848484848486
SNP_00790,97,3,0.03,0.711340206185567,0.28865979381443296
SNP_00793,96,4,0.04,0.6354166666666666,0.36458333333333337
SNP_00794,99,1,0.01,0.5757575757575758,0.4242424242424242
SNP_00796,96,4,0.04,0.10416666666666667,0.10416666666666667
SNP_00798,99,1,0.01,0.3939393939393939,0.3939393939393939
SNP_00799,100,0,0.0,0.16,0.16
SNP_00800,99,1,0.01,0.2727272727272727,0.2727272727272727
SNP_00803,99,1,0.01,0.24242424242424243,0.24242424242424243
SNP_00806,96,4,0.04,0.23958333333333334,0.23958333333333334
SNP_00807,98,2,0.02,0.08163265306122448,0.08163265306122448
SNP_00809,98,2,0.02,0.40816326530612246,0.40816326530612246
SNP_00810,99,1,0.01,0.3939393939393939,0.3939393939393939
SNP_00813,99,1,0.01,0.16161616161616163,0.16161616161616163
SNP_00814,100,0,0.0,0.06,0.06
SNP_00816,98,2,0.02,0.826530612244898,0.173469387755102
SNP_00817,98,2,0.02,0.8367346938775511,0.16326530612244894
SNP_00819,96,4,0.04,0.8333333333333334,0.16666666666666663
SNP_00821,97,3,0.03,0.26804123711340205,0.26804123711340205
SNP_00823,98,2,0.02,0.826530612244898,0.173469387755102
SNP_00824,99,1,0.01,0.696969696969697,0.303030303030303
SNP_00825,98,2,0.02,0.5714285714285714,0.4285714285714286
SNP_00826,97,3,0.03,0.8556701030927835,0.14432989690721654
SNP_00827,99,1,0.01,0.6464646464646465,0.3535353535353535
SNP_00829,97,3,0.03,0.9072164948453608,0.09278350515463918
SNP_00830,97,3,0.03,0.8350515463917526,0.1649484536082474
SNP_00831,99,1,0.01,0.9393939393939394,0.06060606060606055
SNP_00832,98,2,0.02,0.07142857142857142,0.07142857142857142
SNP_00833,99,1,0.01,0.5858585858585859,0.41414141414141414
SNP_00834,100,0,0.0,0.6,0.4
SNP_00837,98,2,0.02,0.5306122448979592,0.4693877551020408
SNP_00838,97,3,0.03,0.865979381443299,0.134020618556701
SNP_00839,97,3,0.03,0.25773195876288657,0.25773195876288657
SNP_00841,96,4,0.04,0.875,0.125
SNP_00842,99,1,0.01,0.29292929292929293,0.29292929292929293
SNP_00844,99,1,0.01,0.2222222222222222,0.2222222222222222
SNP_00845,96,4,0.04,0.9270833333333334,0.07291666666666663
SNP_00846,99,1,0.01,0.37373737373737376,0.37373737373737376
SNP_00848,99,1,0.01,0.06060606060606061,0.06060606060606061
SNP_00849,99,1,0.01,0.23232323232323232,0.23232323232323232
SNP_00850,98,2,0.02,0.16326530612244897,0.16326530612244897
SNP_00851,97,3,0.03,0.5670103092783505,0.4329896907216495
SNP_00855,100,0,0.0,0.39,0.39
SNP_00856,98,2,0.02,0.7959183673469388,0.20408163265306123
SNP_00857,98,2,0.02,0.6530612244897959,0.34693877551020413
SNP_00861,99,1,0.01,0.8787878787878788,0.12121212121212122
SNP_00862,97,3,0.03,0.9484536082474226,0.05154639175257736
SNP_00864,96,4,0.04,0.7083333333333334,0.29166666666666663
SNP_00865,99,1,0.01,0.5454545454545454,0.4545454545454546
SNP_00868,96,4,0.04,0.5416666666666666,0.45833333333333337
SNP_00869,99,1,0.01,0.1414141414141414,0.1414141414141414
SNP_00870,100,0,0.0,0.47,0.47
SNP_00872,99,1,0.01,0.5353535353535354,0.46464646464646464
SNP_00873,99,1,0.01,0.37373737373737376,0.37373737373737376
SNP_00874,99,1,0.01,0.5151515151515151,0.48484848484848486
SNP_00875,96,4,0.04,0.65625,0.34375
SNP_00877,96,4,0.04,0.6979166666666666,0.30208333333333337
SNP_00879,96,4,0.04,0.19791666666666666,0.19791666666666666
SNP_00880,98,2,0.02,0.6020408163265306,0.3979591836734694
SNP_00881,96,4,0.04,0.28125,0.28125
SNP_00882,100,0,0.0,0.07,0.07
SNP_00883,100,0,0.0,0.87,0.13
SNP_00884,99,1,0.01,0.050505050505050504,0.050505050505050504
SNP_00885,98,2,0.02,0.17346938775510204,0.17346938775510204
SNP_00887,99,1,0.01,0.5050505050505051,0.4949494949494949
SNP_00888,99,1,0.01,0.9393939393939394,0.06060606060606055
SNP_00889,99,1,0.01,0.7272727272727273,0.2727272727272727
SNP_00890,98,2,0.02,0.8061224489795918,0.19387755102040816
SNP_00891,98,2,0.02,0.5612244897959183,0.4387755102040817
SNP_00892,100,0,0.0,0.11,0.11
SNP_00894,99,1,0.01,0.25252525252525254,0.25252525252525254
SNP_00896,96,4,0.04,0.6145833333333334,0.38541666666666663
SNP_00897,100,0,0.0,0.16,0.16
SNP_00898,98,2,0.02,0.9489795918367347,0.05102040816326525
SNP_00901,100,0,0.0,0.83,0.17000000000000004
SNP_00902,97,3,0.03,0.7628865979381443,0.23711340206185572
SNP_00903,98,2,0.02,0.1326530612244898,0.1326530612244898
SNP_00904,95,5,0.05,0.7894736842105263,0.21052631578947367
SNP_00905,97,3,0.03,0.1958762886597938,0.1958762886597938
SNP_00906,98,2,0.02,0.826530612244898,0.173469387755102
SNP_00907,98,2,0.02,0.32653061224489793,0.32653061224489793
SNP_00909,99,1,0.01,0.09090909090909091,0.09090909090909091
SNP_00910,98,2,0.02,0.8469387755102041,0.15306122448979587
SNP_00911,98,2,0.02,0.2653061224489796,0.2653061224489796
SNP_00914,98,2,0.02,0.41836734693877553,0.41836734693877553
SNP_00915,97,3,0.03,0.30927835051546393,0.30927835051546393
SNP_00916,97,3,0.03,0.9072164948453608,0.09278350515463918
SNP_00918,99,1,0.01,0.20202020202020202,0.20202020202020202
SNP_00919,99,1,0.01,0.6565656565656566,0.3434343434343434
SNP_00921,96,4,0.04,0.9375,0.0625
SNP_00923,99,1,0.01,0.8787878787878788,0.12121212121212122
SNP_00924,100,0,0.0,0.31,0.31
SNP_00925,98,2,0.02,0.7142857142857143,0.2857142857142857
SNP_00926,98,2,0.02,0.14285714285714285,0.14285714285714285
SNP_00927,96,4,0.04,0.125,0.125
SNP_00928,99,1,0.01,0.20202020202020202,0.20202020202020202
SNP_00929,99,1,0.01,0.9090909090909091,0.09090909090909094
SNP_00930,99,1,0.01,0.41414141414141414,0.41414141414141414
SNP_00932,98,2,0.02,0.7142857142857143,0.2857142857142857
SNP_00934,100,0,0.0,0.95,0.050000000000000044
SNP_00936,97,3,0.03,0.17525773195876287,0.17525773195876287
SNP_00937,100,0,0.0,0.5,0.5
SNP_00939,98,2,0.02,0.5714285714285714,0.4285714285714286
SNP_00941,99,1,0.01,0.20202020202020202,0.20202020202020202
SNP_00942,99,1,0.01,0.43434343434343436,0.43434343434343436
SNP_00945,99,1,0.01,0.29292929292929293,0.29292929292929293
SNP_00946,97,3,0.03,0.6288659793814433,0.3711340206185567
SNP_00947,99,1,0.01,0.20202020202020202,0.20202020202020202
SNP_00948,98,2,0.02,0.8775510204081632,0.12244897959183676
SNP_00949,100,0,0.0,0.85,0.15000000000000002
SNP_00950,97,3,0.03,0.7731958762886598,0.22680412371134018
SNP_00951,98,2,0.02,0.6530612244897959,0.34693877551020413
SNP_00952,96,4,0.04,0.1875,0.1875
SNP_00953,99,1,0.01,0.25252525252525254,0.25252525252525254
SNP_00955,99,1,0.01,0.7676767676767676,0.23232323232323238
SNP_00956,97,3,0.03,0.5979381443298969,0.4020618556701031
SNP_00958,96,4,0.04,0.4375,0.4375
SNP_00959,97,3,0.03,0.9278350515463918,0.07216494845360821
SNP_00960,98,2,0.02,0.45918367346938777,0.45918367346938777
SNP_00962,98,2,0.02,0.45918367346938777,0.45918367346938777
SNP_00963,97,3,0.03,0.8350515463917526,0.1649484536082474
SNP_00964,100,0,0.0,0.18,0.18
SNP_00965,98,2,0.02,0.25510204081632654,0.25510204081632654
SNP_00968,98,2,0.02,0.7040816326530612,0.29591836734693877
SNP_00969,96,4,0.04,0.78125,0.21875
SNP_00970,98,2,0.02,0.5306122448979592,0.4693877551020408
SNP_00971,96,4,0.04,0.16666666666666666,0.16666666666666666
SNP_00975,99,1,0.01,0.32323232323232326,0.32323232323232326
SNP_00976,99,1,0.01,0.6363636363636364,0.36363636363636365
SNP_00977,99,1,0.01,0.6868686868686869,0.31313131313131315
SNP_00978,99,1,0.01,0.9191919191919192,0.08080808080808077
SNP_00979,99,1,0.01,0.9393939393939394,0.06060606060606055
SNP_00980,98,2,0.02,0.5714285714285714,0.4285714285714286
SNP_00981,96,4,0.04,0.14583333333333334,0.14583333333333334
SNP_00983,96,4,0.04,0.0625,0.0625
SNP_00984,97,3,0.03,0.8556701030927835,0.14432989690721654
SNP_00985,98,2,0.02,0.4489795918367347,0.4489795918367347
SNP_00987,99,1,0.01,0.16161616161616163,0.16161616161616163
SNP_00988,98,2,0.02,0.3163265306122449,0.3163265306122449
SNP_00991,97,3,0.03,0.26804123711340205,0.26804123711340205
SNP_00993,97,3,0.03,0.08247422680412371,0.08247422680412371
SNP_00996,97,3,0.03,0.05154639175257732,0.05154639175257732
SNP_00997,97,3,0.03,0.16494845360824742,0.16494845360824742
SNP_00999,99,1,0.01,0.2828282828282828,0.2828282828282828
