snp_id,beta,odds_ratio,p_value,minor_allele_freq,n_strains_with_allele,is_causal
SNP_00500,-1.1836720500759188,0.3061524648181394,0.0840310743996207,0.23,77,False
SNP_00131,1.454971526886505,4.284361474754872,0.0306888254418693,0.18,18,False
SNP_00653,1.7283656632299675,5.631442709489613,0.0766379978692747,0.05,5,False
SNP_00756,-1.881804026385424,0.1523150773338,0.0091503145588431,0.39,61,True
SNP_00048,1.9328651162172883,6.909277793748295,0.071292661520187,0.34,66,False
SNP_00232,1.563049086350513,4.773353445749467,0.026869205325316,0.39,39,False
SNP_00198,1.667782110588806,5.300399052185005,0.0117493940351546,0.32,32,False
SNP_00539,1.2991971336502142,3.666351895085002,0.0749261236708315,0.16,16,False
SNP_00731,1.830965787229164,6.23991017489697,0.0865722086168133,0.33,67,False
SNP_00229,-1.4869711974376862,0.2260562996048349,0.050243381480218,0.5,50,False
SNP_00729,1.1760641131378011,3.241590528271203,0.0784857163811078,0.43,43,False
SNP_00632,1.300181412605609,3.669962384671377,0.0693637001264819,0.5,50,False
SNP_00554,1.1505870124702808,3.160047352548599,0.0940850486233955,0.29,29,False
SNP_00069,-1.6055735266625488,0.2007743724275332,0.0188988243534485,0.17,83,False
SNP_00246,-1.746872522898074,0.1743182682174451,0.030947957669786,0.49,49,False
SNP_00385,-2.065487956936607,0.1267564237988109,0.0050835212854371,0.35,65,False
SNP_00636,1.3736137508270472,3.949597799538365,0.062848674789339,0.15,15,False
SNP_00723,-1.209081867453641,0.2984711897811303,0.067225599031632,0.21,79,False
SNP_00730,1.1121578151147624,3.040913048164944,0.0954990577693149,0.3,30,False
SNP_00106,-1.062083016147092,0.3457348883895782,0.096496979089621,0.37,63,False
SNP_00127,-1.4850933225300642,0.2264812038912558,0.040516694230773,0.47,53,False
SNP_00760,1.2686909403881357,3.556194243755928,0.0803871455308736,0.48,52,False
SNP_00163,-1.5520553380019606,0.2118121805049997,0.0184098104088516,0.34,66,True
SNP_00592,-1.368365014242852,0.2545227606342584,0.0566789545615578,0.14,86,False
SNP_00183,-1.4323790234622478,0.2387402773809456,0.0331024815150586,0.38,62,False
SNP_00550,-1.9667195299479583,0.139915091457971,0.0199954073442357,0.07,93,False
SNP_00250,1.2732939207409033,3.572601067165276,0.0624309557865335,0.21,21,False
SNP_00610,-1.395474451112548,0.2477154795970735,0.0504698084980608,0.14,86,False
SNP_00798,-2.1405864514671333,0.1175858643947592,0.0451963013548006,0.39,39,False
SNP_00375,1.881409832691364,6.562750723616282,0.0686091658366114,0.05,5,False
SNP_00402,2.187806893649036,8.915638714286219,0.0073234537925581,0.43,43,False
SNP_00206,1.353333407940701,3.8703053585255422,0.0600485385146954,0.48,48,False
SNP_00607,-1.6542461308423335,0.1912361684267788,0.0176847325701859,0.34,66,False
SNP_00351,-1.5313139284746335,0.2162513417695677,0.0560127572721636,0.09,91,False
SNP_00348,1.3877042904788384,4.005643695106578,0.040515301271734,0.32,32,False
SNP_00212,1.768531755585415,5.8622398386516,0.0142858446181769,0.4,40,False
SNP_00766,-2.086771240308349,0.124087137262732,0.0182488808601582,0.07,93,False
SNP_00769,-1.9911908136593048,0.1365327435468764,0.0111062205465981,0.1,90,False
SNP_00190,-1.680998811351323,0.1861879165311931,0.0183014601368617,0.42,58,False
SNP_00136,1.913079624613652,6.773917833355553,0.0629318346858604,0.05,5,False
SNP_00157,1.8765456695360856,6.53090594523552,0.0094929685396139,0.38,38,False
SNP_00937,-1.235092983882313,0.2908077206797751,0.0812886029189351,0.5,50,False
SNP_00921,-1.377816252084857,0.2521285374956163,0.0875199549006085,0.1,90,False
SNP_00930,1.3067206947980508,3.694039943515538,0.0514577807822824,0.41,41,False
SNP_00916,-1.8431228028641728,0.1583222441739862,0.0171498795187114,0.12,88,False
SNP_00814,3.418744443768612,30.53105748659032,0.0012226831939059,0.06,6,False
SNP_00868,1.1677889713646137,3.2148765903338608,0.0964371386863901,0.48,52,False
SNP_00925,-1.4557850310876168,0.2332172092600775,0.0272734690150072,0.3,70,False
SNP_00969,-2.238258784787696,0.1066440330223306,0.0016929424297999,0.25,75,False
SNP_00956,-1.1472533904338087,0.3175076423854238,0.0788318344953228,0.42,58,False
