snp_id,beta,se,z_score,p_value,odds_ratio,p_bonferroni,p_fdr,significant_bonferroni,significant_fdr,chromosome,position,ancestral_allele,derived_allele,is_causal
SNP_00500,-1.1836720500759188,0.6850901371917323,-1.7277610431350454,0.0840310743996207,0.3061524648181394,1.0,1.0,False,False,chromosome,18071,A,G,False
SNP_00131,1.454971526886505,0.6732599480602338,2.161084334629594,0.0306888254418693,4.284361474754872,1.0,1.0,False,False,chromosome,48985,A,G,False
SNP_00653,1.7283656632299675,0.9761825117630284,1.7705353685433918,0.0766379978692747,5.631442709489613,1.0,1.0,False,False,chromosome,59102,A,G,False
SNP_00756,-1.881804026385424,0.7219973052872414,-2.6063864956348586,0.0091503145588431,0.1523150773338,1.0,0.8985436175315952,False,False,chromosome,61477,A,G,True
SNP_00048,1.9328651162172883,1.0716654060176576,1.8036087619921184,0.071292661520187,6.909277793748295,1.0,1.0,False,False,chromosome,65726,A,G,False
SNP_00232,1.563049086350513,0.7061715515834621,2.2134127080674064,0.026869205325316,4.773353445749467,1.0,1.0,False,False,chromosome,75767,A,G,False
SNP_00198,1.667782110588806,0.6619278345600148,2.5195829870145667,0.0117493940351546,5.300399052185005,1.0,0.8985436175315952,False,False,chromosome,110688,A,G,False
SNP_00539,1.2991971336502142,0.7295104919333535,1.7809163103426702,0.0749261236708315,3.666351895085002,1.0,1.0,False,False,chromosome,124047,A,G,False
SNP_00731,1.830965787229164,1.0683889669668745,1.7137632864435348,0.0865722086168133,6.23991017489697,1.0,1.0,False,False,chromosome,131485,A,G,False
SNP_00229,-1.4869711974376862,0.759477893831035,-1.957886081366972,0.050243381480218,0.2260562996048349,1.0,1.0,False,False,chromosome,152907,A,G,False
SNP_00729,1.1760641131378011,0.6683926799787215,1.7595406837418412,0.0784857163811078,3.241590528271203,1.0,1.0,False,False,chromosome,157165,A,G,False
SNP_00632,1.300181412605609,0.7159417795626255,1.816043496441708,0.0693637001264819,3.669962384671377,1.0,1.0,False,False,chromosome,203862,A,G,False
SNP_00554,1.1505870124702808,0.6872327956669374,1.6742318174057351,0.0940850486233955,3.160047352548599,1.0,1.0,False,False,chromosome,227898,A,G,False
SNP_00069,-1.6055735266625488,0.6839443609258533,-2.347520673303145,0.0188988243534485,0.2007743724275332,1.0,0.8985436175315952,False,False,chromosome,239630,A,G,False
SNP_00246,-1.746872522898074,0.8095838886097614,-2.157741214314244,0.030947957669786,0.1743182682174451,1.0,1.0,False,False,chromosome,402691,A,G,False
SNP_00385,-2.065487956936607,0.7372284921061611,-2.801693069452308,0.0050835212854371,0.1267564237988109,1.0,0.8985436175315952,False,False,chromosome,422516,A,G,False
SNP_00636,1.3736137508270472,0.738398588846524,1.860260530796535,0.062848674789339,3.949597799538365,1.0,1.0,False,False,chromosome,447557,A,G,False
SNP_00723,-1.209081867453641,0.6606417032913751,-1.830162796913802,0.067225599031632,0.2984711897811303,1.0,1.0,False,False,chromosome,500329,A,G,False
SNP_00730,1.1121578151147624,0.667130366847657,1.6670771866823593,0.0954990577693149,3.040913048164944,1.0,1.0,False,False,chromosome,535627,A,G,False
SNP_00106,-1.062083016147092,0.6390088285925164,-1.6620787829902768,0.096496979089621,0.3457348883895782,1.0,1.0,False,False,chromosome,535823,A,G,False
SNP_00127,-1.4850933225300642,0.724986700981583,-2.048442158344902,0.040516694230773,0.2264812038912558,1.0,1.0,False,False,chromosome,562333,A,G,False
SNP_00760,1.2686909403881357,0.7256113543260992,1.748444167561867,0.0803871455308736,3.556194243755928,1.0,1.0,False,False,chromosome,595469,A,G,False
SNP_00163,-1.5520553380019606,0.6584119491373723,-2.3572709153219464,0.0184098104088516,0.2118121805049997,1.0,0.8985436175315952,False,False,chromosome,601662,A,G,True
SNP_00592,-1.368365014242852,0.7180084370459046,-1.9057784611455315,0.0566789545615578,0.2545227606342584,1.0,1.0,False,False,chromosome,627770,A,G,False
SNP_00183,-1.4323790234622478,0.6722139127585577,-2.1308381101251057,0.0331024815150586,0.2387402773809456,1.0,1.0,False,False,chromosome,645915,A,G,False
SNP_00550,-1.9667195299479583,0.8453794496324081,-2.326434041900518,0.0199954073442357,0.139915091457971,1.0,0.8985436175315952,False,False,chromosome,650430,A,G,False
SNP_00250,1.2732939207409033,0.6833826119665564,1.8632225907486453,0.0624309557865335,3.572601067165276,1.0,1.0,False,False,chromosome,660891,A,G,False
SNP_00610,-1.395474451112548,0.713447156854902,-1.955960490843128,0.0504698084980608,0.2477154795970735,1.0,1.0,False,False,chromosome,663166,A,G,False
SNP_00798,-2.1405864514671333,1.0687846915145376,-2.0028228963812933,0.0451963013548006,0.1175858643947592,1.0,1.0,False,False,chromosome,666491,A,G,False
SNP_00375,1.881409832691364,1.033182606339187,1.820984810572498,0.0686091658366114,6.562750723616282,1.0,1.0,False,False,chromosome,698003,A,G,False
SNP_00402,2.187806893649036,0.8158080963295853,2.681766586397256,0.0073234537925581,8.915638714286219,1.0,0.8985436175315952,False,False,chromosome,702336,A,G,False
SNP_00206,1.353333407940701,0.719690887896403,1.8804370469332776,0.0600485385146954,3.8703053585255422,1.0,1.0,False,False,chromosome,773291,A,G,False
SNP_00607,-1.6542461308423335,0.69736043409595,-2.372153695508807,0.0176847325701859,0.1912361684267788,1.0,0.8985436175315952,False,False,chromosome,803329,A,G,False
SNP_00351,-1.5313139284746335,0.8013421823604672,-1.91093637921809,0.0560127572721636,0.2162513417695677,1.0,1.0,False,False,chromosome,808351,A,G,False
SNP_00348,1.3877042904788384,0.677439021371867,2.0484563875116444,0.040515301271734,4.005643695106578,1.0,1.0,False,False,chromosome,825817,A,G,False
SNP_00212,1.768531755585415,0.7218513532898216,2.4499943756084552,0.0142858446181769,5.8622398386516,1.0,0.8985436175315952,False,False,chromosome,861883,A,G,False
SNP_00766,-2.086771240308349,0.8840268644095294,-2.360529215028066,0.0182488808601582,0.124087137262732,1.0,0.8985436175315952,False,False,chromosome,898321,A,G,False
SNP_00769,-1.9911908136593048,0.7841375063015937,-2.5393388247053905,0.0111062205465981,0.1365327435468764,1.0,0.8985436175315952,False,False,chromosome,959060,A,G,False
SNP_00190,-1.680998811351323,0.7124500769893641,-2.35946189865654,0.0183014601368617,0.1861879165311931,1.0,0.8985436175315952,False,False,chromosome,968141,A,G,False
SNP_00136,1.913079624613652,1.0287184068267754,1.8596727850090788,0.0629318346858604,6.773917833355553,1.0,1.0,False,False,chromosome,985068,A,G,False
SNP_00157,1.8765456695360856,0.723481622151614,2.5937710262152773,0.0094929685396139,6.53090594523552,1.0,0.8985436175315952,False,False,chromosome,996108,A,G,False
SNP_00937,-1.235092983882313,0.7084970584747253,-1.7432577441341253,0.0812886029189351,0.2908077206797751,1.0,1.0,False,False,plasmid_1,11024,A,G,False
SNP_00921,-1.377816252084857,0.8063876886583724,-1.7086275887683735,0.0875199549006085,0.2521285374956163,1.0,1.0,False,False,plasmid_1,52529,A,G,False
SNP_00930,1.3067206947980508,0.6709243821899487,1.9476422820300765,0.0514577807822824,3.694039943515538,1.0,1.0,False,False,plasmid_1,150160,A,G,False
SNP_00916,-1.8431228028641728,0.7732910918304159,-2.3834786438589584,0.0171498795187114,0.1583222441739862,1.0,0.8985436175315952,False,False,plasmid_1,423571,A,G,False
SNP_00814,3.418744443768612,1.0572776729534497,3.23353507902851,0.0012226831939059,30.53105748659032,0.87910921641838,0.6086128035130856,False,False,plasmid_1,533637,A,G,False
SNP_00868,1.1677889713646137,0.7024812842584984,1.6623773437569498,0.0964371386863901,3.2148765903338608,1.0,1.0,False,False,plasmid_1,749075,A,G,False
SNP_00925,-1.4557850310876168,0.659447960085368,-2.2075813698766464,0.0272734690150072,0.2332172092600775,1.0,1.0,False,False,plasmid_1,970241,A,G,False
SNP_00969,-2.238258784787696,0.7129575257660525,-3.1393998995701056,0.0016929424297999,0.1066440330223306,1.0,0.6086128035130856,False,False,plasmid_2,165422,A,G,False
SNP_00956,-1.1472533904338087,0.652774038368202,-1.757504623348228,0.0788318344953228,0.3175076423854238,1.0,1.0,False,False,plasmid_2,544448,A,G,False
