snp_id,beta,se,z_score,p_value,odds_ratio,p_bonferroni,p_fdr,significant_bonferroni,significant_fdr
SNP_00000,0.5502380621060692,0.8262334748550496,0.6659595366825343,0.5054369640887264,1.7336656888498923,1.0,1.0,False,False
SNP_00003,0.47255190806847086,0.6304496919709013,0.7495473692614346,0.4535273591378688,1.6040824455119083,1.0,1.0,False,False
SNP_00004,0.33085225057144735,0.7322985220671617,0.45179969725666563,0.6514132878350158,1.3921540871413256,1.0,1.0,False,False
SNP_00005,-0.46065509381354475,0.6552680797920576,-0.7030024932081672,0.4820541957218355,0.630870230923615,1.0,1.0,False,False
SNP_00006,-0.6257747255854755,0.6539666241346583,-0.9568909214801491,0.3386223139508574,0.5348469083858077,1.0,1.0,False,False
SNP_00009,0.06785908645045256,0.8428551004026505,0.08051097563274491,0.9358308672810631,1.0702144901302681,1.0,1.0,False,False
SNP_00010,1.1847404256866936,0.7754856586569254,1.5277399555506446,0.1265771155754605,3.2698379453582125,1.0,1.0,False,False
SNP_00012,0.028765955168869296,0.7204005058959778,0.03993050384257081,0.9681485319401617,1.0291836911619423,1.0,1.0,False,False
SNP_00013,0.23372797644728685,0.6248489341348058,0.37405517346511474,0.7083632681670701,1.2633007978922348,1.0,1.0,False,False
SNP_00014,0.5596986236556897,0.633279716558658,0.8838094905315781,0.3767990623349686,1.75014496851467,1.0,1.0,False,False
SNP_00016,0.6988721984381612,0.7212922857132573,0.9689167793428903,0.3325867128661828,2.011482874223165,1.0,1.0,False,False
SNP_00017,0.146905218250812,0.6634524185862544,0.2214254016344551,0.8247612156119329,1.1582441774179788,1.0,1.0,False,False
SNP_00018,-1.1100012549175657,1.0946064780499491,-1.0140642113639255,0.3105521137657099,0.32955854750611935,1.0,1.0,False,False
SNP_00021,0.6551658576696188,0.8311691118323713,0.7882461563390621,0.43055273565823937,1.9254618435085906,1.0,1.0,False,False
SNP_00022,-0.30825829692024725,0.6977445347516655,-0.4417924921905115,0.6586393719459793,0.7347255161594564,1.0,1.0,False,False
SNP_00023,-0.496074120963861,0.62203157405118,-0.7975063351415094,0.42515702504194075,0.6089165059218573,1.0,1.0,False,False
SNP_00024,0.15549239389204716,0.7225831035368533,0.21518963442537337,0.8296194721595354,1.1682330503267642,1.0,1.0,False,False
SNP_00025,23.22688639016583,72503.53258224786,0.0003203552373647077,0.9997443935065065,12226681271.419737,1.0,1.0,False,False
SNP_00026,1.5070641897598702,1.0957204537900438,1.3754093797802245,0.1690045626460126,4.513460660522583,1.0,1.0,False,False
SNP_00027,1.256889175268358,0.9537460599184288,1.3178446843343774,0.18755564608529385,3.514471559496649,1.0,1.0,False,False
SNP_00028,-0.26476590169558667,0.6264347924299308,-0.4226551668188222,0.6725468704438468,0.7673855726117378,1.0,1.0,False,False
SNP_00030,-0.68274739814506,0.6663354324752654,-1.0246301860443296,0.3055377157586583,0.5052270240530031,1.0,1.0,False,False
SNP_00032,-0.36743802599001657,0.6546206653938605,-0.5612991544789424,0.5745936178874023,0.6925062428675987,1.0,1.0,False,False
SNP_00034,0.4381492919127634,0.6566621399242153,0.6672370238420168,0.5046207454597955,1.5498362681698798,1.0,1.0,False,False
SNP_00035,-22.411382843289715,53525.14767632091,-0.0004187075387221086,0.9996659197291234,1.8486730041384363e-10,1.0,1.0,False,False
SNP_00039,-0.5298257498356783,0.6400243817624316,-0.8278211970248697,0.40777176837089557,0.5887075431275028,1.0,1.0,False,False
SNP_00041,0.17269337384175687,0.6395650609704359,0.270016898014602,0.7871472535630428,1.1885016235202113,1.0,1.0,False,False
SNP_00043,0.25184387256550955,1.1055218766294121,0.2278054174136723,0.8197975149368526,1.286395180026386,1.0,1.0,False,False
SNP_00044,0.28827118725052386,1.1192980881562993,0.2575463947458021,0.7967570049967148,1.3341190511479293,1.0,1.0,False,False
SNP_00045,-1.4551698453424442,0.9972491906204798,-1.4591837817757969,0.14451453138822237,0.2333607253027289,1.0,1.0,False,False
SNP_00047,-0.3030895962573725,0.7284644643854474,-0.41606641239949455,0.6773614067594576,0.7385329236202087,1.0,1.0,False,False
SNP_00048,1.9328651162172883,1.0716654060176576,1.8036087619921184,0.07129266152018704,6.909277793748295,1.0,1.0,False,False
SNP_00049,0.2877044246936256,0.6518947977743862,0.4413356659323995,0.658970009364225,1.3333631366555438,1.0,1.0,False,False
SNP_00050,-0.6833950040754879,0.7465550222886805,-0.9153980398932074,0.3599827070236101,0.5048999419575976,1.0,1.0,False,False
SNP_00051,0.5907170982509989,0.6398160306411277,0.9232608593114975,0.3558712799964985,1.8052825162786448,1.0,1.0,False,False
SNP_00052,0.4959375070818673,0.7172494533319665,0.6914435483749768,0.48928684500218733,1.6420369389322662,1.0,1.0,False,False
SNP_00053,1.273369035459074,0.7813987290175783,1.629602132908548,0.10318561332589819,3.572869432166527,1.0,1.0,False,False
SNP_00054,-0.5810577104031848,0.7762327599807015,-0.7485611795328386,0.45412173758636876,0.5593064693214781,1.0,1.0,False,False
SNP_00055,0.9561328023599515,0.8249647919500834,1.158998313248991,0.24645687259140547,2.6016160310789256,1.0,1.0,False,False
SNP_00057,-1.110559395640318,1.0898849037343987,-1.018969426803766,0.30821748130679905,0.32937465878289135,1.0,1.0,False,False
SNP_00058,0.8759577289008954,0.6548704341875149,1.3376046362326302,0.18102535232185257,2.4011738666948443,1.0,1.0,False,False
SNP_00061,-0.13555127890814792,1.1627336956164336,-0.11657981480985996,0.9071930340858223,0.8732343832746317,1.0,1.0,False,False
SNP_00063,-0.05629952763555571,0.68155370254411,-0.08260468313120493,0.9341658774044608,0.945255963199838,1.0,1.0,False,False
SNP_00064,0.13529515383178847,0.8379385577997317,0.1614619026328708,0.8717296149086986,1.1448746486273538,1.0,1.0,False,False
SNP_00067,-0.19174976389795853,0.6369276810475588,-0.30105421636344415,0.7633731523649876,0.8255134159071741,1.0,1.0,False,False
SNP_00069,-1.6055735266625488,0.6839443609258533,-2.3475206733031455,0.018898824353448543,0.2007743724275332,1.0,0.8985436175315952,False,False
SNP_00070,-0.381719784537416,0.6643619250580797,-0.5745660161124456,0.5655848412157432,0.6826863256699348,1.0,1.0,False,False
SNP_00071,0.6694615735084088,0.6388925772039927,1.0478468484298193,0.29470917404888886,1.9531853907105357,1.0,1.0,False,False
SNP_00072,0.9765821882934119,1.0985670622024732,0.8889600115403982,0.3740245712894863,2.655365176818164,1.0,1.0,False,False
SNP_00076,-0.5424370838521224,0.7174851547576796,-0.7560255153088468,0.4496338978958324,0.5813297751942637,1.0,1.0,False,False
SNP_00078,0.03995315224881865,0.7157109897970311,0.05582302468227991,0.9554827924970279,1.040762015690334,1.0,1.0,False,False
SNP_00079,0.7374824954831015,0.7320683781975151,1.0073956442414804,0.31374468367442077,2.090665623639817,1.0,1.0,False,False
SNP_00081,0.5581492230746439,0.6583068708973515,0.8478556851667358,0.3965183466890906,1.747435392534898,1.0,1.0,False,False
SNP_00082,-0.2786928988639053,0.8264020927038782,-0.3372364389253409,0.7359386702139278,0.7567722731575361,1.0,1.0,False,False
SNP_00083,-0.6970364408652031,0.6449160277349549,-1.0808173636392682,0.27977836307388215,0.49805914653604005,1.0,1.0,False,False
SNP_00084,-0.4535202507285579,0.6894542471800477,-0.6577960068902488,0.5106692206121355,0.6353874868213161,1.0,1.0,False,False
SNP_00085,0.8004045353164735,0.6541722854038075,1.2235378250889974,0.221126626725206,2.2264414205244343,1.0,1.0,False,False
SNP_00086,0.24451684604875157,0.6244990315512196,0.3915407930119376,0.6953975419683758,1.2770041745177154,1.0,1.0,False,False
SNP_00088,0.8575589864317501,0.7518643962890391,1.1405766660376333,0.25404613203526405,2.3573992211656596,1.0,1.0,False,False
SNP_00089,0.14309734533189708,0.65355999212871,0.21895058916598426,0.8266885379513683,1.153842117343088,1.0,1.0,False,False
SNP_00091,-0.2539585869453411,0.7378803276130567,-0.3441731368104946,0.7307160833279265,0.7757239264786535,1.0,1.0,False,False
SNP_00092,-0.1341294417751438,1.1390050959269333,-0.11776017706574698,0.9062576840276516,0.8744768634394865,1.0,1.0,False,False
SNP_00093,-23.696660389213704,132541.78180256236,-0.00017878634244190906,0.9998573491384432,5.112945381297801e-11,1.0,1.0,False,False
SNP_00094,-0.19765186403008225,0.7138663381181425,-0.2768751704291337,0.7818759586698267,0.8206555031119748,1.0,1.0,False,False
SNP_00096,-0.259650761908209,0.6767502925995578,-0.38367292153037585,0.701220884900051,0.7713209134150578,1.0,1.0,False,False
SNP_00097,1.1876409619222288,0.7499405667641781,1.583646777566158,0.11327412265111204,3.2793359968653215,1.0,1.0,False,False
SNP_00098,-0.4021614560695865,0.6315728911596414,-0.636761744683454,0.5242800479859657,0.6688727434075652,1.0,1.0,False,False
SNP_00099,0.034613960754562086,0.7433796312535752,0.04656296634895942,0.9628615485699437,1.0352199961060349,1.0,1.0,False,False
SNP_00101,0.1460800440463672,0.6795437181453424,0.21496783819157203,0.8297923937588471,1.1572888184233339,1.0,1.0,False,False
SNP_00102,-1.494514737428821,1.1087440924348415,-1.3479347918299285,0.1776793566431334,0.22435745059232565,1.0,1.0,False,False
SNP_00103,-0.3716359786947263,1.114598376402975,-0.33342591068010313,0.7388128071658746,0.6896052278346106,1.0,1.0,False,False
SNP_00104,,,,1.0,,1.0,1.0,False,False
SNP_00105,0.32098816418970716,0.745191661435564,0.43074578098652366,0.6666532268427472,1.3784892652597653,1.0,1.0,False,False
SNP_00106,-1.062083016147092,0.6390088285925164,-1.6620787829902768,0.09649697908962108,0.3457348883895782,1.0,1.0,False,False
SNP_00110,-1.22458112121834,1.0961085928047551,-1.1172078471575937,0.2639054661698119,0.2938807749660262,1.0,1.0,False,False
SNP_00111,0.3551566556454927,0.6853734658583438,0.5181943470786453,0.6043226784758259,1.426404091033323,1.0,1.0,False,False
SNP_00112,-0.8945827001058745,0.6660094512163501,-1.3431982060796213,0.1792078023998822,0.40877814613075,1.0,1.0,False,False
SNP_00113,0.28423628192576245,1.121311747040749,0.2534855116571192,0.7998930556778068,1.3287468525294797,1.0,1.0,False,False
SNP_00114,-0.533434276128841,0.6243603981696799,-0.8543691715435668,0.39290047170707854,0.5865870047893604,1.0,1.0,False,False
SNP_00115,-1.0236287217511473,0.6456302416040783,-1.5854720795109067,0.1128591157010139,0.35928881269013785,1.0,1.0,False,False
SNP_00116,-0.6714644589494,0.9127007937867893,-0.7356895748534398,0.4619196355526566,0.5109597500279051,1.0,1.0,False,False
SNP_00117,0.030160441359585247,0.6379667894139207,0.04727587996750217,0.9622933515804689,1.030619874743331,1.0,1.0,False,False
SNP_00119,0.6743661235299607,0.679996376125298,0.9917201726464793,0.32133404775423946,1.962788416170257,1.0,1.0,False,False
SNP_00121,-0.9760393627073144,1.0940837847870573,-0.8921065975740441,0.3723357989392645,0.37680051756251665,1.0,1.0,False,False
SNP_00122,23.51861834486075,108367.03804445133,0.000217027416908946,0.9998268371761367,16368397726.036674,1.0,1.0,False,False
SNP_00123,0.2770487157137906,0.8682375823790235,0.3190932082836824,0.7496558336845605,1.3192306367316944,1.0,1.0,False,False
SNP_00124,0.0929319994433904,0.6291300870282107,0.14771507730995426,0.8825676322025778,1.0973871097965415,1.0,1.0,False,False
SNP_00125,-38.26161105663594,125510350.23370546,-3.0484825343400957e-07,0.9999997567662852,2.4165370016342183e-17,1.0,1.0,False,False
SNP_00126,-0.22786327787416566,0.8453341095365732,-0.269554103287142,0.7875033138754789,0.7962331150779772,1.0,1.0,False,False
SNP_00127,-1.4850933225300642,0.724986700981583,-2.048442158344902,0.04051669423077306,0.22648120389125587,1.0,1.0,False,False
SNP_00128,0.13114231634251083,0.6695323191576438,0.1958715249287808,0.8447107253489511,1.1401300289021747,1.0,1.0,False,False
SNP_00129,-0.04401749781511604,0.8754104304537543,-0.050282126284810554,0.9598975669095642,0.9569372130161203,1.0,1.0,False,False
SNP_00130,0.3765936616071033,0.639184391763279,0.5891784381158265,0.5557415797335811,1.4573120272187972,1.0,1.0,False,False
SNP_00131,1.4549715268865053,0.6732599480602338,2.161084334629594,0.030688825441869353,4.284361474754872,1.0,1.0,False,False
SNP_00132,-0.3065463406430035,0.7337971288684084,-0.4177535296652494,0.676127330280584,0.7359844113982363,1.0,1.0,False,False
SNP_00133,-0.057687336255248134,0.6820926709623607,-0.08457404501041976,0.9326000342009424,0.9439450386928636,1.0,1.0,False,False
SNP_00134,-0.24658706417045262,0.6313104688765957,-0.390595556904433,0.6960962103438527,0.7814633211193139,1.0,1.0,False,False
SNP_00135,0.37016252292871293,0.7179613948902789,0.5155744104949853,0.6061516866160064,1.44796992385395,1.0,1.0,False,False
SNP_00136,1.913079624613652,1.0287184068267754,1.8596727850090788,0.06293183468586046,6.773917833355553,1.0,1.0,False,False
SNP_00138,0.6486676172862986,0.9085131745244734,0.7139881241962385,0.47523452297187774,1.912990295046931,1.0,1.0,False,False
SNP_00139,-0.08265787047290102,0.7386188796236628,-0.11190868897775322,0.910895807075802,0.9206660803937851,1.0,1.0,False,False
SNP_00140,-0.9702846946848079,0.7046393684720572,-1.3769947268044036,0.16851387817289987,0.37897513053843385,1.0,1.0,False,False
SNP_00141,-0.7688660566712764,0.7760636225420122,-0.990725546641189,0.32181961319073815,0.46353839668116154,1.0,1.0,False,False
SNP_00142,0.4581679572399262,1.1553079871484846,0.3965764647492571,0.6916798107890747,1.5811745504738295,1.0,1.0,False,False
SNP_00143,1.1310360227147715,1.0802158265652775,1.0470463354634278,0.29507820820311315,3.0988653325005706,1.0,1.0,False,False
SNP_00144,-0.007699005765429716,0.679703224382856,-0.011327010803016438,0.9909625462132938,0.9923305556662655,1.0,1.0,False,False
SNP_00145,-40.090127607964234,370712043.21186787,-1.0814358028571541e-07,0.999999913713907,3.882208007720229e-18,1.0,1.0,False,False
SNP_00146,-0.5119456700803604,0.9019221088129535,-0.5676162775898101,0.5702955518691554,0.5993283484220312,1.0,1.0,False,False
SNP_00147,0.4379333989807272,0.6510275149241427,0.672680322938048,0.5011506885878958,1.5495017055899163,1.0,1.0,False,False
SNP_00149,0.1646569353081999,0.8368515465972776,0.19675763996339796,0.844017201459828,1.1789885799700557,1.0,1.0,False,False
SNP_00150,0.06848979131220863,0.7310055104743863,0.09369257868899257,0.9253533656933718,1.0708896925166467,1.0,1.0,False,False
SNP_00152,0.5873303220450257,0.8599990634280561,0.6829429786863475,0.494642874584745,1.7991787702526483,1.0,1.0,False,False
SNP_00153,-23.030384812746146,64086.57751153707,-0.00035936362506798155,0.9997132693180156,9.954763797253965e-11,1.0,1.0,False,False
SNP_00154,-0.29348980400811714,1.1214293445707049,-0.2617104728256136,0.7935446657356864,0.7456568255362823,1.0,1.0,False,False
SNP_00156,0.8232059780247367,1.092766762451807,0.7533226726055751,0.4512560376189837,2.277790691029956,1.0,1.0,False,False
SNP_00157,1.8765456695360856,0.723481622151614,2.5937710262152773,0.009492968539613978,6.53090594523552,1.0,0.8985436175315952,False,False
SNP_00158,26.35220685698614,293727.5181705145,8.971650671725002e-05,0.9999284165845371,278367176230.86017,1.0,1.0,False,False
SNP_00159,0.08665552012470208,0.6560148684847803,0.13209383550231607,0.8949100717435354,1.0905209524850363,1.0,1.0,False,False
SNP_00161,-0.32345566200179565,0.6534251208786102,-0.49501565162794764,0.6205890723124163,0.723644042139343,1.0,1.0,False,False
SNP_00162,0.7927181460014207,0.8417729614462967,0.941724410628975,0.34633375395816457,2.2093937265178756,1.0,1.0,False,False
SNP_00163,-1.5520553380019606,0.6584119491373723,-2.3572709153219464,0.018409810408851604,0.2118121805049997,1.0,0.8985436175315952,False,False
SNP_00165,0.6104902995965776,0.6432794973824297,0.9490280695727523,0.34260633606068835,1.8413339828041986,1.0,1.0,False,False
SNP_00166,-0.2621743996779845,0.7304040491231527,-0.35894434045474405,0.7196367280448721,0.7693768329345896,1.0,1.0,False,False
SNP_00167,0.5368361788012311,0.627218951769074,0.8558991677261698,0.39205355536807796,1.7105863026591563,1.0,1.0,False,False
SNP_00168,0.6523981670568859,1.0966595801924544,0.5948957897603881,0.5519131317701796,1.92014012866632,1.0,1.0,False,False
SNP_00169,-0.07624432812696481,0.6671485379358885,-0.11428388700792105,0.909012755112614,0.9265897869530585,1.0,1.0,False,False
SNP_00170,-0.9047476061846258,0.8103720977230664,-1.116459474267105,0.26422550787330845,0.4046440018591554,1.0,1.0,False,False
SNP_00171,0.7713863505926339,0.701653527438522,1.0993835567372983,0.27160079997268594,2.1627625234710335,1.0,1.0,False,False
SNP_00175,-0.08874804685130977,0.6261475301150834,-0.14173663966221864,0.8872880328227966,0.9150761008370948,1.0,1.0,False,False
SNP_00177,0.65622722287728,0.8206340502762133,0.7996587792773205,0.4239085216707831,1.9275065466143924,1.0,1.0,False,False
SNP_00178,0.6526608925202239,1.106023940930173,0.590096532604287,0.555125933343702,1.92064466464562,1.0,1.0,False,False
SNP_00180,0.3245907854822154,0.7206500490020317,0.4504138810948729,0.6524120377855491,1.383464396414031,1.0,1.0,False,False
SNP_00181,0.32004260358734415,0.6755452851843321,0.47375447746632704,0.6356750002768539,1.3771864361687554,1.0,1.0,False,False
SNP_00182,0.0703974994466401,0.7484664843898159,0.09405564699938616,0.9250649526973619,1.072934587405272,1.0,1.0,False,False
SNP_00183,-1.4323790234622478,0.6722139127585577,-2.1308381101251057,0.033102481515058645,0.23874027738094564,1.0,1.0,False,False
SNP_00184,-0.3986323846419823,0.6288488466400671,-0.6339081112605534,0.5261407917430438,0.6712374131851012,1.0,1.0,False,False
SNP_00187,-0.15097684602784295,1.1169448514925409,-0.13516947217769704,0.8924778832187285,0.8598676077793662,1.0,1.0,False,False
SNP_00188,0.5350853560487366,0.7153554004298471,0.7479993241502214,0.4544605652002416,1.7075939895097092,1.0,1.0,False,False
SNP_00190,-1.680998811351323,0.7124500769893641,-2.35946189865654,0.018301460136861788,0.18618791653119313,1.0,0.8985436175315952,False,False
SNP_00193,0.8765521755950363,0.715476955839284,1.2251298500128553,0.2205262999999279,2.4026016608936844,1.0,1.0,False,False
SNP_00194,-0.12510112279106692,0.8363362667029449,-0.1495823244449844,0.8810941543198147,0.8824076665466728,1.0,1.0,False,False
SNP_00195,-0.26280035882395386,0.8674894981950076,-0.30294356228030966,0.7619328723622215,0.7688953851683538,1.0,1.0,False,False
SNP_00196,1.055292489730238,0.921308253300607,1.1454282385397392,0.2520318062841417,2.8728153000004246,1.0,1.0,False,False
SNP_00198,1.667782110588806,0.6619278345600148,2.5195829870145667,0.011749394035154636,5.300399052185005,1.0,0.8985436175315952,False,False
SNP_00199,0.371389684627595,0.7311869978643676,0.5079270907611056,0.611504475213333,1.4497479077994104,1.0,1.0,False,False
SNP_00200,-0.7377106733542711,0.629564732586978,-1.1717789055986425,0.24128583389434988,0.47820743635648116,1.0,1.0,False,False
SNP_00201,-0.3470783095994275,0.6408458851207411,-0.5415940363478106,0.5880982010351827,0.706749980782768,1.0,1.0,False,False
SNP_00202,-25.18891766640257,115724.41761889301,-0.00021766294602886178,0.9998263300972761,1.1497199103946056e-11,1.0,1.0,False,False
SNP_00203,0.1570973366445768,0.6205190896859969,0.2531708359271803,0.8001362020803466,1.1701095028908364,1.0,1.0,False,False
SNP_00204,-0.46189612431555,0.6842753345443419,-0.6750150136905433,0.49966622627827384,0.6300877873428304,1.0,1.0,False,False
SNP_00205,0.8319784255667663,0.7124375385984557,1.1677913929177253,0.24289092078401986,2.2978603918710943,1.0,1.0,False,False
SNP_00206,1.3533334079407007,0.719690887896403,1.8804370469332776,0.06004853851469547,3.8703053585255422,1.0,1.0,False,False
SNP_00208,-0.6140336817429562,1.1043439204631522,-0.5560167175868871,0.5781994264205752,0.5411635789756709,1.0,1.0,False,False
SNP_00211,0.16851077714155951,0.8434875312794438,0.1997786225552783,0.841653721018017,1.1835409819648308,1.0,1.0,False,False
SNP_00212,1.768531755585415,0.7218513532898216,2.4499943756084552,0.014285844618176918,5.8622398386516,1.0,0.8985436175315952,False,False
SNP_00213,-0.006914751435554318,0.6647150514225513,-0.010402579903608492,0.9917000917965819,0.9931091004498692,1.0,1.0,False,False
SNP_00214,-23.971169134139096,111979.59735177549,-0.00021406729173025572,0.99982919901426,3.8855591110594335e-11,1.0,1.0,False,False
SNP_00215,0.2863490791379407,0.665051823256826,0.43056656507707974,0.6667835565635829,1.3315571929694923,1.0,1.0,False,False
SNP_00217,-24.064567801941394,196208.5577545206,-0.0001226479011789533,0.9999021411334797,3.539085006490709e-11,1.0,1.0,False,False
SNP_00218,-0.0661583136402208,0.641329407405568,-0.10315808518411379,0.9178375055536401,0.9359826737373723,1.0,1.0,False,False
SNP_00219,0.6124165689953835,1.2600277983143562,0.48603417306718477,0.6269429371864204,1.84488430645036,1.0,1.0,False,False
SNP_00220,0.4977954089787729,0.7295008043271962,0.6823781495866609,0.49499986863807544,1.6450905182229139,1.0,1.0,False,False
SNP_00221,0.8869003183089043,1.1414681767357941,0.7769820800831555,0.4371693429107537,2.427593210811802,1.0,1.0,False,False
SNP_00222,0.027010183759832492,0.8875062020073409,0.030433797193463535,0.9757210910696048,1.0273782652837262,1.0,1.0,False,False
SNP_00228,0.01460734296978724,0.8376417358918866,0.01743865228280912,0.9860866737749512,1.0147145515790297,1.0,1.0,False,False
SNP_00229,-1.4869711974376862,0.759477893831035,-1.9578860813669718,0.050243381480218,0.22605629960483495,1.0,1.0,False,False
SNP_00230,0.9456275213848371,1.0940659778163375,0.8643240358065325,0.3874099099322029,2.574428380673761,1.0,1.0,False,False
SNP_00231,0.16115150893262364,0.6265763355025912,0.25719373650356636,0.7970292189643693,1.1748629575627678,1.0,1.0,False,False
SNP_00232,1.563049086350513,0.7061715515834621,2.2134127080674064,0.026869205325316007,4.773353445749467,1.0,1.0,False,False
SNP_00234,0.40713927236720776,0.6595035581335312,0.6173420406092386,0.5370091427400665,1.5025133496816288,1.0,1.0,False,False
SNP_00235,-0.5730168334461109,0.8176129804048192,-0.7008411646820931,0.4834021451729741,0.5638219135592735,1.0,1.0,False,False
SNP_00238,-0.010505167298090036,0.6217946671404246,-0.016894913792687087,0.9865204503946352,0.9895498192557972,1.0,1.0,False,False
SNP_00243,-0.7087058618630149,0.6676565697041902,-1.0614826454520052,0.2884706156992497,0.49228086484564115,1.0,1.0,False,False
SNP_00244,0.10492264927844636,0.7472499750693795,0.14041171332083974,0.888334703643964,1.1106246994112365,1.0,1.0,False,False
SNP_00245,20.97028064971799,23159.333344527004,0.0009054785963721909,0.9992775327065413,1280198075.9194937,1.0,1.0,False,False
SNP_00246,-1.746872522898074,0.8095838886097614,-2.157741214314244,0.030947957669786055,0.1743182682174451,1.0,1.0,False,False
SNP_00247,1.306723896800443,0.8165097651200247,1.6003775491997432,0.10951485254892793,3.6940517718592116,1.0,1.0,False,False
SNP_00249,19.40630745589668,12341.416552706523,0.0015724538081198463,0.9987453639009634,267949062.71027434,1.0,1.0,False,False
SNP_00250,1.2732939207409033,0.6833826119665564,1.8632225907486453,0.062430955786533515,3.5726010671652757,1.0,1.0,False,False
SNP_00252,1.4336808096002231,0.9383091849297943,1.5279407178642221,0.12652725740962242,4.194108530047572,1.0,1.0,False,False
SNP_00254,,,,1.0,,1.0,1.0,False,False
SNP_00255,18.199584516229184,5060.058702542746,0.003596714106712567,0.997130243531997,80163953.6631153,1.0,1.0,False,False
SNP_00256,0.6721924362341923,0.6794911728569668,0.989258526211479,0.32253667011785414,1.9585265615734184,1.0,1.0,False,False
SNP_00257,0.5377431857969345,1.1853774545859244,0.4536472190495463,0.6500827617200882,1.7121385202321089,1.0,1.0,False,False
SNP_00259,-0.3046581225537129,0.8575750077452612,-0.3552553651892456,0.722398290741288,0.7373754233309322,1.0,1.0,False,False
SNP_00261,1.152143737595059,1.0976677586836592,1.0496288412230748,0.29388879155225067,3.1649705086639806,1.0,1.0,False,False
SNP_00262,-20.085362705345393,24894.75454800436,-0.0008068110358997494,0.9993562580008102,1.892508374844942e-09,1.0,1.0,False,False
SNP_00265,1.1130613556940487,0.8262647508490472,1.3471001329178054,0.17794798535375467,3.0436618781547535,1.0,1.0,False,False
SNP_00266,0.8640404767230073,0.635931348089221,1.3587008712798707,0.1742413959077278,2.372728305321157,1.0,1.0,False,False
SNP_00267,0.4872829824737959,0.7228049880213006,0.6741555337183645,0.5002124362730787,1.6278872077539888,1.0,1.0,False,False
SNP_00268,0.9884031573364,0.716227269764295,1.3800132989374674,0.16758255017032464,2.6869404236985583,1.0,1.0,False,False
SNP_00270,0.7663536148068946,0.8427903682822375,0.9093051411691674,0.3631890775655341,2.151905254921541,1.0,1.0,False,False
SNP_00271,0.12300653512130726,1.1174408546837635,0.11007878815753357,0.9123468905098772,1.1308918114385136,1.0,1.0,False,False
SNP_00274,0.2569144529375364,0.6724169540176484,0.38207610828740846,0.7024049127162371,1.2929345152784375,1.0,1.0,False,False
SNP_00275,0.6806036720375617,0.8742813206190863,0.7784721644923401,0.4362907102361713,1.9750696667555354,1.0,1.0,False,False
SNP_00276,-0.1581680918339,0.8904660183855406,-0.17762395034531092,0.8590183139836626,0.8537062688547847,1.0,1.0,False,False
SNP_00279,27.235321054324867,414155.5997904008,6.576108367992208e-05,0.9999475302466679,673208586762.3694,1.0,1.0,False,False
SNP_00280,-0.12650203393694393,0.6220875593732818,-0.20335084994206862,0.8388608131912252,0.8811723572926814,1.0,1.0,False,False
SNP_00282,-0.3666465120139377,0.623971639321881,-0.5876012448456812,0.5567999752872966,0.6930545882202274,1.0,1.0,False,False
SNP_00283,-0.6381089371254454,0.7070376415144715,-0.9025105590681408,0.3667857148838698,0.5282905105949626,1.0,1.0,False,False
SNP_00284,-1.224096299069094,0.8246158105183121,-1.484444372100613,0.1376910705256331,0.29402328941925754,1.0,1.0,False,False
SNP_00285,0.016105453705769317,0.8208396768712717,0.01962070567441035,0.9843459462724077,1.0162358455916294,1.0,1.0,False,False
SNP_00286,1.0892956961900488,0.6607013633046874,1.648696001990406,0.09920992963607776,2.9721800175139568,1.0,1.0,False,False
SNP_00288,-59.5230226208485,6459057287156.387,-9.215435004610965e-12,0.9999999999926471,1.4108463845044628e-26,1.0,1.0,False,False
SNP_00289,24.565990594446582,245067.3472725794,0.00010024179421635772,0.9999200186201815,46652417941.80873,1.0,1.0,False,False
SNP_00291,0.8684836785734705,0.6552231295266531,1.3254777486272216,0.1850127448431561,2.383294272096763,1.0,1.0,False,False
SNP_00292,-0.5310520762798868,1.0924241223882032,-0.486122619774202,0.6268802302084144,0.5879860379902965,1.0,1.0,False,False
SNP_00293,0.2796214999541545,0.658992223137435,0.42431684341112247,0.6713347570498145,1.322629102408151,1.0,1.0,False,False
SNP_00294,-0.15803342503892598,0.757530232425526,-0.20861665749355093,0.8347475058839848,0.8538212424832519,1.0,1.0,False,False
SNP_00295,-0.3592385526636847,0.6353986682401029,-0.5653750481704448,0.5718186924889334,0.6982077721595545,1.0,1.0,False,False
SNP_00297,0.003723450753193204,0.7262006679068314,0.005127302848571475,0.9959090221433515,1.0037303914076703,1.0,1.0,False,False
SNP_00298,-0.6309386323819626,0.6358400236157556,-0.9922914710434223,0.3210553626372279,0.5320921276375924,1.0,1.0,False,False
SNP_00302,0.8102825936371001,0.6791334456072635,1.1931124860336784,0.23282532213445228,2.2485433209367742,1.0,1.0,False,False
SNP_00303,0.33687258843110257,1.1999938343682914,0.28072859941688055,0.7789185713116644,1.40056060474592,1.0,1.0,False,False
SNP_00305,-0.45241336581394653,0.760948907958215,-0.5945384257503781,0.5521520495136172,0.6360911770256008,1.0,1.0,False,False
SNP_00306,-20.996227192606227,34452.03482400167,-0.0006094335878813987,0.9995137423794949,7.611222001258406e-10,1.0,1.0,False,False
SNP_00309,0.2289889388753109,0.644740885810847,0.35516428989504367,0.7224665155463614,1.2573281314696854,1.0,1.0,False,False
SNP_00310,,,,1.0,,1.0,1.0,False,False
SNP_00311,-0.9133161758474951,0.6285358232723108,-1.4530853167486115,0.14620006732280416,0.40119159376326885,1.0,1.0,False,False
SNP_00312,0.7741855064517615,0.712008190128651,1.0873266869470644,0.2768924585337841,2.168824913689686,1.0,1.0,False,False
SNP_00313,-1.2241781584650882,0.8252811992637051,-1.4833467181334905,0.13798231590425045,0.29399922183546984,1.0,1.0,False,False
SNP_00315,0.3338022192664996,0.8898445270027305,0.3751242033154353,0.7075680975348697,1.3962669615598453,1.0,1.0,False,False
SNP_00316,-0.503092159451624,0.6325218502179663,-0.7953751467688571,0.4263953125668233,0.6046580668703897,1.0,1.0,False,False
SNP_00317,0.2984769256401657,0.7122862137239431,0.41904071690463013,0.67518637539425,1.3478044371134126,1.0,1.0,False,False
SNP_00318,0.6043776620734651,0.8272051235276251,0.7306261106025191,0.4650075589513586,1.8301129057356844,1.0,1.0,False,False
SNP_00319,1.027081891254197,0.6457888471961574,1.5904298993603128,0.11173793522026904,2.792903934437333,1.0,1.0,False,False
SNP_00320,-0.4144943621376095,0.7247846429364299,-0.5718862370735474,0.5673990486432847,0.6606742581816819,1.0,1.0,False,False
SNP_00321,-41.301846639898,749246397.6412083,-5.512451814239649e-08,0.9999999560169981,1.155675514438359e-18,1.0,1.0,False,False
SNP_00323,0.49899077308515233,0.7064354770970479,0.7063501045214389,0.47997044162768243,1.6470581761796923,1.0,1.0,False,False
SNP_00325,-0.6069788006868961,0.7612156156057028,-0.7973809105373124,0.42522984246803497,0.5449949226030898,1.0,1.0,False,False
SNP_00326,0.18251668074152616,0.8501696586792171,0.21468265643010048,0.8300147454754537,1.2002341715825846,1.0,1.0,False,False
SNP_00327,30.098344093753727,3652943.867062918,8.239476211265667e-06,0.999993425849142,11790840223961.057,1.0,1.0,False,False
SNP_00328,0.8250947645360586,0.6937764667034365,1.18928041542919,0.23432933938687472,2.2820970169477013,1.0,1.0,False,False
SNP_00329,0.6258155798346382,0.6699130731043382,0.9341743055328734,0.3502139875106043,1.869770282681221,1.0,1.0,False,False
SNP_00331,-0.8758075558453756,0.6575312576940389,-1.3319633790746792,0.18287222257478408,0.4165255162087614,1.0,1.0,False,False
SNP_00332,0.36329304859863143,0.6529732474420554,0.5563674316241721,0.5779596984044153,1.4380572181514062,1.0,1.0,False,False
SNP_00333,-0.27603410355409735,0.8272249302492983,-0.333686877003223,0.7386158531893579,0.758787052984672,1.0,1.0,False,False
SNP_00334,-21.69456981055388,46277.517753346736,-0.00046879285803925715,0.9996259574300562,3.785890459730197e-10,1.0,1.0,False,False
SNP_00335,-0.47071879858270765,0.7250772743985875,-0.649198113364046,0.5162103310086068,0.6245531789597905,1.0,1.0,False,False
SNP_00336,0.5641722624443924,0.8411247648620052,0.6707355270141766,0.5023890261950141,1.757992024291006,1.0,1.0,False,False
SNP_00337,0.6451487527948148,0.7218988235661051,0.893683064349443,0.3714914891799813,1.9062705712577162,1.0,1.0,False,False
SNP_00340,0.647410348740737,0.6668853890463113,0.9707970205593724,0.3316493665737631,1.9105866638425812,1.0,1.0,False,False
SNP_00342,-0.5775399434909987,0.6781376233442518,-0.8516559524346206,0.39440507480540155,0.5612774437949074,1.0,1.0,False,False
SNP_00343,1.2038006264238348,0.7922690357415971,1.51943414688298,0.12865325226019172,3.332759456398877,1.0,1.0,False,False
SNP_00345,0.5858051545634706,0.7242764059944423,0.8088143555624339,0.41862193757209476,1.796436812802438,1.0,1.0,False,False
SNP_00346,-0.22603310937099785,0.6251325435819273,-0.3615762956058212,0.7176686811613713,0.7976916901583311,1.0,1.0,False,False
SNP_00347,-0.3863140809423152,0.7318415804471667,-0.5278657174770955,0.5975925406364553,0.6795570562381539,1.0,1.0,False,False
SNP_00348,1.3877042904788384,0.677439021371867,2.0484563875116444,0.040515301271734076,4.005643695106578,1.0,1.0,False,False
SNP_00350,0.5312246060381275,0.6353824078858886,0.836070686636846,0.40311513803574794,1.701014105812596,1.0,1.0,False,False
SNP_00351,-1.5313139284746335,0.8013421823604672,-1.91093637921809,0.056012757272163635,0.2162513417695677,1.0,1.0,False,False
SNP_00352,-1.0768704810457315,0.7053501749996667,-1.5267175357916942,0.12683126497825412,0.34065996099578616,1.0,1.0,False,False
SNP_00353,0.36340104472829765,0.8252366947476422,0.44035977440318,0.6596765542278442,1.4382125311516556,1.0,1.0,False,False
SNP_00354,-0.9734931545325424,0.824931011043394,-1.180090385135653,0.23796426828737383,0.3777611525899755,1.0,1.0,False,False
SNP_00355,-0.1641940430101387,0.6576144894297392,-0.2496813036350859,0.8028338178949637,0.8485773454011265,1.0,1.0,False,False
SNP_00358,541.081432555874,26843545.6,2.015685411378272e-05,0.9999839171573094,9.742724440914286e+234,1.0,1.0,False,False
SNP_00359,0.21855202181847,0.8321251483873371,0.2626432120721564,0.7928255905309787,1.2442737443263796,1.0,1.0,False,False
SNP_00360,0.05823671963309026,0.7139824534772703,0.08156603758182446,0.9349918093555712,1.059965880748788,1.0,1.0,False,False
SNP_00361,-19.476763664255813,18392.183705444557,-0.0010589696131890088,0.9991550646531979,3.478155667489647e-09,1.0,1.0,False,False
SNP_00362,0.2629527182367436,0.7382647385241518,0.35617672701313946,0.7217082197469395,1.3007652150247797,1.0,1.0,False,False
SNP_00363,0.07591320671089558,0.6784075675190178,0.11189911543663243,0.9109033979788711,1.0788689315104876,1.0,1.0,False,False
SNP_00365,0.697017015864843,0.7464520701894247,0.933773304008606,0.3504208429814575,2.0077546655715204,1.0,1.0,False,False
SNP_00366,0.9607717026684873,0.7031149291639651,1.3664504376416635,0.17179762702349688,2.6137127044263004,1.0,1.0,False,False
SNP_00367,-0.19106940867865377,0.6403520757825663,-0.2983818057357747,0.765411773887771,0.826075249369785,1.0,1.0,False,False
SNP_00369,22.180553197705684,50198.00702804644,0.0004418612313694655,0.9996474457569452,4294294841.7557187,1.0,1.0,False,False
SNP_00370,-22.419006746209355,69040.24258432891,-0.0003247237539587981,0.9997409079347437,1.8346324903889898e-10,1.0,1.0,False,False
SNP_00371,0.9178304149543971,0.6609665436216892,1.3886185674773375,0.16494876823954507,2.5038521725020124,1.0,1.0,False,False
SNP_00372,18.03543086398197,8953.729586752761,0.0020142925569994635,0.9983928281546465,68028062.64616556,1.0,1.0,False,False
SNP_00374,-24.29553399118251,223554.28811631774,-0.00010867845209276987,0.9999132871411539,2.8092064231006183e-11,1.0,1.0,False,False
SNP_00375,1.881409832691364,1.033182606339187,1.820984810572498,0.06860916583661149,6.562750723616282,1.0,1.0,False,False
SNP_00376,0.6169895993844096,0.7266480754270357,0.8490899793848871,0.3958312258583708,1.8533403385574247,1.0,1.0,False,False
SNP_00377,0.39756972570694743,0.8318836402488201,0.4779150670495606,0.6327106570030003,1.488203556394369,1.0,1.0,False,False
SNP_00378,-1.0908714911916182,0.6686649133200493,-1.6314172756205083,0.10280230208446642,0.3359236116346011,1.0,1.0,False,False
SNP_00380,-1.1993354896027246,0.7934757338429864,-1.511496115696022,0.13066209750671826,0.301394425112126,1.0,1.0,False,False
SNP_00381,-39.79927577843817,377670217.8629499,-1.0538102793395441e-07,0.9999999159181048,5.1927109168133065e-18,1.0,1.0,False,False
SNP_00382,-0.11681731812279351,0.651299521911496,-0.17936036215710233,0.8576547530551457,0.8897477191012533,1.0,1.0,False,False
SNP_00383,-0.03222334433504297,0.7175815983922673,-0.044905477519544774,0.9641826508215388,0.9682902957746978,1.0,1.0,False,False
SNP_00384,-0.1713637350087714,0.6396974115150191,-0.2678824893208873,0.7887897727490321,0.8425150655064185,1.0,1.0,False,False
SNP_00385,-2.065487956936607,0.7372284921061611,-2.8016930694523077,0.0050835212854371805,0.12675642379881094,1.0,0.8985436175315952,False,False
SNP_00386,0.5114824661975622,0.6387951515777297,0.8006987293724381,0.42330607833212,1.6677617636663347,1.0,1.0,False,False
SNP_00387,-0.013985886006893393,0.649696272979312,-0.021526806584187902,0.982825419853141,0.9861114621350222,1.0,1.0,False,False
SNP_00389,36.02903313149185,8663717.08849663,4.1586114555067705e-06,0.9999966819081253,4438234829982661.5,1.0,1.0,False,False
SNP_00390,-0.025972624940572182,0.6891248717664342,-0.03768928681096147,0.9699354178156532,0.9743617624548137,1.0,1.0,False,False
SNP_00392,-0.20550256431965674,1.1384267594784325,-0.18051452375716048,0.8567486533734512,0.814238006597951,1.0,1.0,False,False
SNP_00393,0.9927273844629485,0.6918631927907694,1.4348608146916775,0.15132676390764516,2.6985845220848357,1.0,1.0,False,False
SNP_00394,-0.9895472470109153,0.8296187633529915,-1.1927734650209165,0.2329581048756798,0.3717449615692023,1.0,1.0,False,False
SNP_00395,0.9087848199265307,0.7069865533698383,1.2854343772096155,0.19864053465014087,2.481305467656519,1.0,1.0,False,False
SNP_00396,0.3786015269896971,0.7503371651748619,0.5045752024044632,0.6138572304042362,1.460241053150738,1.0,1.0,False,False
SNP_00398,0.6642723460820077,0.8158805402200017,0.8141784407590933,0.41554273430443667,1.943076119850281,1.0,1.0,False,False
SNP_00399,-1.1539253403699545,1.0776704032191284,-1.0707590529748647,0.284277782628121,0.31539629851357553,1.0,1.0,False,False
SNP_00400,-0.20133417428293604,0.656107388395934,-0.30686161723488947,0.7589487054450323,0.8176391519175968,1.0,1.0,False,False
SNP_00401,-0.0016408929281780382,0.6280726281327809,-0.002612584683170012,0.9979154613888795,0.998360452600566,1.0,1.0,False,False
SNP_00402,2.1878068936490354,0.8158080963295853,2.6817665863972557,0.0073234537925581005,8.915638714286219,1.0,0.8985436175315952,False,False
SNP_00404,0.07794906382410102,0.7140389865231761,0.10916639748713633,0.9130705119057081,1.081067591818632,1.0,1.0,False,False
SNP_00407,0.004607700439638151,0.8477671551536281,0.005435101385595867,0.9956634378686225,1.0046183322143813,1.0,1.0,False,False
SNP_00408,0.36066909328246416,1.1926904307029933,0.3023995866805767,0.762347469786557,1.4342887665553778,1.0,1.0,False,False
SNP_00410,-0.11874004312220371,0.7248943029213758,-0.163803250547939,0.8698860326786262,0.8880386225064695,1.0,1.0,False,False
SNP_00411,-0.2519743957437925,1.1533158243507868,-0.21847822636581912,0.8270565214060921,0.7772646390971301,1.0,1.0,False,False
SNP_00413,-0.15765051646389502,0.6275741976523516,-0.2512061793707243,0.8016547072723693,0.8541482405597307,1.0,1.0,False,False
SNP_00414,0.04992467308810039,0.8615291932583894,0.05794890466715387,0.9537893282513826,1.0511919103532215,1.0,1.0,False,False
SNP_00415,-0.9149137619982877,0.6983765708091118,-1.310057926110414,0.19017624030607871,0.4005511673336679,1.0,1.0,False,False
SNP_00416,0.891450480738003,0.8121567497831654,1.0976335306897442,0.27236454508780716,2.4386643228103737,1.0,1.0,False,False
SNP_00417,-39.92941577771292,373308343.47502136,-1.0696095191985619e-07,0.9999999146575078,4.559057420732269e-18,1.0,1.0,False,False
SNP_00418,0.3165871403365853,0.6648181508885245,0.47620110839854324,0.6339311099268451,1.3724358315459175,1.0,1.0,False,False
SNP_00419,1.387279234900891,1.0792067680157946,1.2854619485490362,0.19863090548080575,4.003941435713757,1.0,1.0,False,False
SNP_00420,-0.8884515986144786,0.7518303083748776,-1.1817182530655295,0.23731751325335393,0.4112921052262653,1.0,1.0,False,False
SNP_00421,-0.01607855359315552,0.6635461305318748,-0.024231252136558353,0.9806681498440002,0.9840500163544538,1.0,1.0,False,False
SNP_00422,0.05099987044631312,1.1509136975134666,0.044312506277836165,0.9646553028994684,1.0523227569509022,1.0,1.0,False,False
SNP_00423,0.24682330345152778,0.8565751809821683,0.288151360127566,0.7732308793356027,1.2799529295311038,1.0,1.0,False,False
SNP_00424,-31.266372123799147,5265255.224713734,-5.93824435652102e-06,0.9999952619665097,2.6374675043943074e-14,1.0,1.0,False,False
SNP_00425,-0.41924790906840637,0.8221659967916448,-0.5099309758667302,0.610099819832775,0.6575411646427013,1.0,1.0,False,False
SNP_00426,-0.6682900093932811,0.638354939920411,-1.0468940829009679,0.29514843121591805,0.5125843432098589,1.0,1.0,False,False
SNP_00427,-1.7558110886904887,1.1046633937204822,-1.5894534920515067,0.11195804605949226,0.17276705604241596,1.0,1.0,False,False
SNP_00429,0.06910512835866413,0.8746800440657146,0.07900617926235924,0.9370277080890557,1.0715488533993762,1.0,1.0,False,False
SNP_00430,-0.33684051243992047,0.8460934051606644,-0.3981126792684998,0.690547128535161,0.7140227085617913,1.0,1.0,False,False
SNP_00431,0.8300967214350308,0.6893169259106791,1.2042308700578663,0.22850035752280018,2.29354056407111,1.0,1.0,False,False
SNP_00432,0.6247844083378501,0.6620602181975024,0.9436972516470815,0.34532437886596945,1.8678432225956512,1.0,1.0,False,False
SNP_00433,-0.19102832310582354,0.8258403289634592,-0.23131387074011003,0.8170709715752192,0.8261091898418333,1.0,1.0,False,False
SNP_00434,1.0318940750027874,0.72064862475235,1.4318962661691008,0.15217351098859827,2.8063762910914836,1.0,1.0,False,False
SNP_00436,0.1163964257050329,0.8519214236272632,0.13662812376456826,0.8913247454088475,1.1234411448165516,1.0,1.0,False,False
SNP_00437,0.628046899019303,0.6277174283615582,1.0005248709735601,0.31705656770381163,1.8739469950401788,1.0,1.0,False,False
SNP_00438,0.5311828891590658,0.8016708576472282,0.6625947345996834,0.507590143341839,1.7009431462929767,1.0,1.0,False,False
SNP_00439,0.740160133813906,1.0874114713337266,0.6806624293801944,0.49608511450535475,2.096271171516304,1.0,1.0,False,False
SNP_00440,-0.7583998156517927,0.6558189538134744,-1.1564164335931864,0.2475108628872168,0.46841537857706705,1.0,1.0,False,False
SNP_00441,-25.170012344204487,122518.22509990714,-0.0002054389240758236,0.999836083455445,1.1716624980428397e-11,1.0,1.0,False,False
SNP_00443,0.8536505196117148,0.6547196411907086,1.3038413175740684,0.19228769183050387,2.3482033870408165,1.0,1.0,False,False
SNP_00444,-20.22037388166668,24323.98059287382,-0.0008312937845210512,0.9993367236002321,1.6534961999968385e-09,1.0,1.0,False,False
SNP_00445,-0.17294045670121277,0.8525322488847589,-0.20285503208523203,0.8392483426507068,0.8411877004440612,1.0,1.0,False,False
SNP_00447,22.125550390922776,50961.2967296511,0.0004341638029404645,0.9996535874156574,4064474880.5404058,1.0,1.0,False,False
SNP_00449,-0.2634823875777762,1.1160726967764556,-0.236079951009276,0.8133706310470111,0.7683711551972657,1.0,1.0,False,False
SNP_00450,0.43435581092894276,0.9002690018842346,0.4824733607620053,0.6294697179877577,1.5439681311287958,1.0,1.0,False,False
SNP_00451,0.1482866344277068,0.6351341809708206,0.23347292410093007,0.815394192082959,1.1598453003153741,1.0,1.0,False,False
SNP_00452,0.593138812717686,1.0998375937197211,0.5392967253571072,0.5896821280111961,1.8096596930617075,1.0,1.0,False,False
SNP_00453,-1.394537567762101,1.0960712407454967,-1.272305591024906,0.20326456285667038,0.24794766885569766,1.0,1.0,False,False
SNP_00454,-0.8196108380712475,0.7512626275882154,-1.0909777858941965,0.27528265739120583,0.4406030870935051,1.0,1.0,False,False
SNP_00455,-0.9483996251518674,0.6598246240407097,-1.4373510635961855,0.1506182662636676,0.38736044958597327,1.0,1.0,False,False
SNP_00456,0.41641911926626257,0.6732528973003896,0.6185181243720161,0.5362338542765573,1.5165213390032533,1.0,1.0,False,False
SNP_00457,0.33265047767770684,1.1717053054626572,0.28390285178947544,0.7764848309730471,1.394659748555854,1.0,1.0,False,False
SNP_00459,0.7408168903000664,0.7136822342780055,1.0380206410063038,0.2992604455533817,2.097648363395296,1.0,1.0,False,False
SNP_00460,0.6087120588307281,0.746791675324525,0.8151028980956528,0.4150134128945858,1.838062557205672,1.0,1.0,False,False
SNP_00461,-0.3691879042394666,0.634638276102842,-0.5817296531601577,0.560748794541864,0.6912955008900707,1.0,1.0,False,False
SNP_00462,-1.0804246536826667,0.845523914913497,-1.2778167886513319,0.20131403335504228,0.33945134576978103,1.0,1.0,False,False
SNP_00463,0.7652991432773482,0.7032409789040576,1.0882459444698502,0.2764865469251204,2.1496373280382537,1.0,1.0,False,False
SNP_00464,0.09047696971306643,1.1227643756403134,0.08058411156968473,0.9357727022372164,1.0946962961815279,1.0,1.0,False,False
SNP_00467,-0.3035842751402927,0.7859749061309811,-0.3862518672952403,0.6993101439746392,0.7381676773258151,1.0,1.0,False,False
SNP_00468,,,,1.0,,1.0,1.0,False,False
SNP_00471,0.5743443318392997,0.8676951389390977,0.6619194992166623,0.5080228143911463,1.7759657009215202,1.0,1.0,False,False
SNP_00473,0.6002447788698791,1.1954568656446583,0.5021049241673752,0.6155937165913801,1.8225648711633766,1.0,1.0,False,False
SNP_00474,1.0331262583635676,0.8888519507729434,1.1623153411152034,0.2451073973157294,2.8098363925634025,1.0,1.0,False,False
SNP_00476,-0.10524037479125455,0.6677774372842785,-0.15759797937954712,0.8747735958966844,0.9001081332753972,1.0,1.0,False,False
SNP_00477,0.4934558074241626,0.6537225865398002,0.7548397708515152,0.4503451276169588,1.6379669487584558,1.0,1.0,False,False
SNP_00478,-0.7427228625757338,0.6577037860407818,-1.129266515321048,0.2587854218203699,0.47581656694858115,1.0,1.0,False,False
SNP_00479,0.41284184803467433,0.6833065441205267,0.6041824882067194,0.5457223222445631,1.511106022647775,1.0,1.0,False,False
SNP_00480,-0.38906637090962676,0.6704056756102471,-0.5803446854107748,0.5616821990199172,0.6776892896666948,1.0,1.0,False,False
SNP_00481,-1.1513132373871031,0.801268566749717,-1.436863100791929,0.1507568963944914,0.3162212230505811,1.0,1.0,False,False
SNP_00483,-0.2810881230434454,0.6508723579475586,-0.43186366667931675,0.6658405032003767,0.7549618030169626,1.0,1.0,False,False
SNP_00484,0.8016420538477088,0.6534967038929265,1.226696399648644,0.21993672142633203,2.2291983885887308,1.0,1.0,False,False
SNP_00485,1.07485330380527,1.0824074938437436,0.9930209370487193,0.32069975135010986,2.929563113249458,1.0,1.0,False,False
SNP_00486,0.5221612340307394,0.6435368300484835,0.8113929298986668,0.4171400580054615,1.6856668362464329,1.0,1.0,False,False
SNP_00487,1.3003888635573213,0.809144695756087,1.6071153532585445,0.10802906592432711,3.670723800836348,1.0,1.0,False,False
SNP_00488,1.2605424067414779,1.1321371954599369,1.1134184194251968,0.2655287677929866,3.5273342184389,1.0,1.0,False,False
SNP_00489,1.6960264546587587,1.1009159637760342,1.5405594163986447,0.12342405156559076,5.452239570638451,1.0,1.0,False,False
SNP_00490,-0.13062524948943247,0.6302237264213875,-0.2072680605523447,0.8358005164967545,0.8775465738049016,1.0,1.0,False,False
SNP_00491,-0.3514414493540907,1.1015325874049147,-0.3190477098658032,0.7496903345090437,0.7036730492674067,1.0,1.0,False,False
SNP_00492,0.03821937279184903,1.1359035257146564,0.03364667150566614,0.973158904839363,1.038959127245033,1.0,1.0,False,False
SNP_00493,-18.282006925195688,6467.51667505754,-0.002826742912886736,0.9977445884760843,1.1487493383993598e-08,1.0,1.0,False,False
SNP_00494,0.5929127691012832,0.7035760516367311,0.8427131192455861,0.39938890812759487,1.8092506772696755,1.0,1.0,False,False
SNP_00495,-0.4181160863848762,1.1445928393296858,-0.3652967867855436,0.7148898767032333,0.6582858059696793,1.0,1.0,False,False
SNP_00496,-0.03693046484168344,0.7405878566925277,-0.04986641963941354,0.9602288372418617,0.9637431470514985,1.0,1.0,False,False
SNP_00497,0.2959300601492916,1.1083324793781049,0.26700477127164995,0.7894654874746764,1.3443761280782187,1.0,1.0,False,False
SNP_00499,1.172310419333253,0.776568896895061,1.5096025916315692,0.13114485967161452,3.2294453987976017,1.0,1.0,False,False
SNP_00500,-1.1836720500759188,0.6850901371917323,-1.7277610431350454,0.08403107439962078,0.3061524648181394,1.0,1.0,False,False
SNP_00501,-0.6048989010496432,0.6494347260827956,-0.9314237085814924,0.3516344316173944,0.5461296369818662,1.0,1.0,False,False
SNP_00503,0.13638406180266835,0.6720447543965071,0.20293895742872148,0.8391827441600435,1.146121990755045,1.0,1.0,False,False
SNP_00505,-36.7864918734045,100823808.11342597,-3.64859179213108e-07,0.9999997088844941,1.0564028660798279e-16,1.0,1.0,False,False
SNP_00506,-21.575691664413082,45719.21926055574,-0.0004719173252161703,0.9996234644662108,4.2637935364212393e-10,1.0,1.0,False,False
SNP_00507,0.23798082837969683,0.7656627391814885,0.31081678159512366,0.7559399112762729,1.2686848698471471,1.0,1.0,False,False
SNP_00508,0.11842920142815185,0.6739419294323298,0.17572612157831807,0.8605091125788737,1.125727171404574,1.0,1.0,False,False
SNP_00509,0.36844271519704885,1.214290565597839,0.30342220028338207,0.7615681292564714,1.445481834114934,1.0,1.0,False,False
SNP_00510,-0.49038639185321314,0.8250915215144822,-0.594341814291211,0.5522835168740132,0.6123897260629014,1.0,1.0,False,False
SNP_00514,20.3457168482519,18191.753346621597,0.001118403292997061,0.9991076434657971,685539617.0707934,1.0,1.0,False,False
SNP_00515,-0.7324694687946822,0.6340486239787542,-1.1552260206769662,0.24799788173638015,0.48072039907553765,1.0,1.0,False,False
SNP_00516,-0.19598759223004344,0.7494690839352836,-0.2615019037222447,0.7937054816247019,0.8220224340801717,1.0,1.0,False,False
SNP_00517,-0.8939567055897697,0.8103771167108952,-1.103136659655571,0.2699678228541149,0.40903411911901577,1.0,1.0,False,False
SNP_00519,-0.26599205803026055,1.149681921542256,-0.2313614340159772,0.8170340235928839,0.7664452145615485,1.0,1.0,False,False
SNP_00522,29.796646894304534,3020134.8372516166,9.865998870904744e-06,0.9999921280718241,8720057032954.957,1.0,1.0,False,False
SNP_00523,-0.9619383817344075,0.6825102547387597,-1.4094123495662387,0.15871327446663264,0.3821514122604189,1.0,1.0,False,False
SNP_00525,,,,1.0,,1.0,1.0,False,False
SNP_00527,0.08317975937306821,0.8697208843855077,0.09563960216022409,0.9238068113720257,1.0867371421785545,1.0,1.0,False,False
SNP_00529,0.9445401052240736,0.6670952276918523,1.415899958529429,0.1568047971021288,2.571630427193513,1.0,1.0,False,False
SNP_00530,-1.2468738852569463,0.8012913060695118,-1.556080636108612,0.1196889189568868,0.28740184513699146,1.0,1.0,False,False
SNP_00531,-0.6460565950156839,1.1205047132252244,-0.5765764189925588,0.5642256326935593,0.5241084790413696,1.0,1.0,False,False
SNP_00532,0.27869050522062694,0.7166558414917733,0.388876346337332,0.6973676205713462,1.3213983146967363,1.0,1.0,False,False
SNP_00534,0.2480582717461781,0.8346082650331478,0.29721521118212996,0.7663022094738827,1.28153460727763,1.0,1.0,False,False
SNP_00535,-1.1289944116411903,0.7632494281706262,-1.4791945725359927,0.139088319721942,0.32335825828607795,1.0,1.0,False,False
SNP_00536,0.38713844004939685,0.6311985706479293,0.6133385879692295,0.5396524834299197,1.4727603661784272,1.0,1.0,False,False
SNP_00537,-0.3230199653759406,0.6541856148139081,-0.49377417977591564,0.6214656701881156,0.7239594001020346,1.0,1.0,False,False
SNP_00538,0.3775891433029382,1.1200368418631783,0.33712207419429135,0.7360248776515904,1.4587634769929911,1.0,1.0,False,False
SNP_00539,1.2991971336502142,0.7295104919333535,1.7809163103426702,0.0749261236708315,3.6663518950850014,1.0,1.0,False,False
SNP_00540,,,,1.0,,1.0,1.0,False,False
SNP_00543,0.5316096741550502,0.7418498686390811,0.7166000785715374,0.4736208959937812,1.70166923823839,1.0,1.0,False,False
SNP_00544,-0.07943626294587135,0.7440872226268737,-0.10675665504029905,0.9149820351530376,0.9236368879868743,1.0,1.0,False,False
SNP_00545,1.1022258796614697,0.7275497212753685,1.514983577657493,0.12977656301937535,3.010860383654418,1.0,1.0,False,False
SNP_00546,0.7872155551372844,0.6551546435609049,1.2015721217491495,0.22952934802429237,2.19726972408694,1.0,1.0,False,False
SNP_00548,-0.6011749547230775,0.7157182991492629,-0.8399602964429761,0.4009306481850756,0.5481671859441312,1.0,1.0,False,False
SNP_00549,0.8285079404500042,0.878521134461483,0.9430711544098072,0.34564450896045473,2.2898995236083532,1.0,1.0,False,False
SNP_00550,-1.9667195299479585,0.8453794496324081,-2.326434041900518,0.019995407344235775,0.139915091457971,1.0,0.8985436175315952,False,False
SNP_00551,0.13727262840843849,1.153243135384186,0.11903181922059143,0.9052501468900883,1.1471408490768724,1.0,1.0,False,False
SNP_00552,1.5774268499789754,1.0720064687920567,1.4714713911721349,0.14116367890883608,4.842479340389284,1.0,1.0,False,False
SNP_00553,0.3946038980620037,0.63678290655255,0.6196835593441599,0.5354661417495966,1.4837963398983098,1.0,1.0,False,False
SNP_00554,1.1505870124702808,0.6872327956669374,1.6742318174057351,0.09408504862339552,3.160047352548599,1.0,1.0,False,False
SNP_00555,0.18080179248968697,0.7065967707597753,0.255876901751586,0.7980458907497173,1.1981776679432348,1.0,1.0,False,False
SNP_00557,0.6846364086455986,0.6615460149281525,1.0349036849990758,0.3007138935416812,1.9830506843587652,1.0,1.0,False,False
SNP_00558,1.2755926747180935,0.9315652864929829,1.3693003520131726,0.17090540802006804,3.580823044608414,1.0,1.0,False,False
SNP_00559,0.47957343992779483,0.7123907741858984,0.6731887291435503,0.5008272306936823,1.6153851963834953,1.0,1.0,False,False
SNP_00562,-0.14145814456319658,0.6636601709149279,-0.21314846176196034,0.8312111660178014,0.8680915091738092,1.0,1.0,False,False
SNP_00563,0.38656667026509295,0.6260975915531558,0.6174223882672025,0.53695615867593,1.4719185269935653,1.0,1.0,False,False
SNP_00565,-22.673230738025914,80115.29926471917,-0.0002830075022638111,0.9997741926863666,1.422790653404781e-10,1.0,1.0,False,False
SNP_00567,-0.30233477215173027,0.6335313655645934,-0.4772214740817042,0.633204421260702,0.7390905965197632,1.0,1.0,False,False
SNP_00569,24.232932699475555,189921.76767949943,0.0001275942878773622,0.9998981944879323,33437126768.458736,1.0,1.0,False,False
SNP_00570,0.7112547158957416,0.8159049439203055,0.8717372301707909,0.3833517448239757,2.036544941549015,1.0,1.0,False,False
SNP_00571,,,,1.0,,1.0,1.0,False,False
SNP_00572,0.5068944558172942,1.1577845003520983,0.43781416633504816,0.6615210008407015,1.6601275816275596,1.0,1.0,False,False
SNP_00574,0.08882594843165317,0.861901257869045,0.10305814920292082,0.9179168201992676,1.092890420479671,1.0,1.0,False,False
SNP_00575,-28.652264482677104,1505022.7154531756,-1.9037762147031552e-05,0.9999848100635116,3.60146867032117e-13,1.0,1.0,False,False
SNP_00576,0.6675733108711477,1.0951421815897304,0.6095768404264046,0.5421421570647001,1.9495007435991603,1.0,1.0,False,False
SNP_00578,-20.827836249746024,38523.459332405466,-0.0005406533216560306,0.9995686210829197,9.007113735645281e-10,1.0,1.0,False,False
SNP_00579,-0.603006424098009,0.6656239901493671,-0.9059265186080407,0.36497474706803845,0.547164153322867,1.0,1.0,False,False
SNP_00581,0.08120230765032253,1.1178261949121904,0.07264305311498027,0.9420901657695276,1.0845902952871944,1.0,1.0,False,False
SNP_00582,0.5219598923157885,0.6433901956587885,0.8112649148800543,0.41721355385435,1.685327475359685,1.0,1.0,False,False
SNP_00583,-0.15577446423312627,0.6321890008807601,-0.2464048947642282,0.8053688175582467,0.855752171330361,1.0,1.0,False,False
SNP_00586,-21.363474330135656,40593.67782197032,-0.0005262759000016797,0.9995800926040493,5.271824986236442e-10,1.0,1.0,False,False
SNP_00587,-0.6772227787772386,1.1240789683902543,-0.6024690416075131,0.54686196458572,0.5080259353962491,1.0,1.0,False,False
SNP_00589,1.2093504306817937,0.809498937718717,1.4939493732875242,0.1351888521986477,3.351307039141649,1.0,1.0,False,False
SNP_00590,0.6196008875246369,0.6508774324141479,0.9519471050432581,0.3411238083706526,1.8581862685093817,1.0,1.0,False,False
SNP_00591,-0.4968448112833473,0.6664117602462276,-0.7455522860217408,0.4559379150661371,0.6084474006560308,1.0,1.0,False,False
SNP_00592,-1.368365014242852,0.7180084370459046,-1.9057784611455313,0.05667895456155787,0.25452276063425844,1.0,1.0,False,False
SNP_00595,-0.6917185734240923,0.6425462841895497,-1.0765272330483773,0.2816915281574953,0.500714814040573,1.0,1.0,False,False
SNP_00596,0.26004790082786305,0.8421875941189592,0.30877669374827105,0.7574913990899912,1.2969922121785236,1.0,1.0,False,False
SNP_00597,-0.5315099703457358,1.0965208837892453,-0.4847239831028094,0.627872151666925,0.5877168643039186,1.0,1.0,False,False
SNP_00598,-0.3746891537122003,0.6724738732757688,-0.5571802394151116,0.5774042894270701,0.6875029533201755,1.0,1.0,False,False
SNP_00600,1.0096061514267167,0.65870518331499,1.5327132334769065,0.12534652711282462,2.7445198768906764,1.0,1.0,False,False
SNP_00601,0.7709205286981822,1.2215013415439377,0.6311254048429974,0.5279585312769434,2.1617552959476307,1.0,1.0,False,False
SNP_00602,-1.4047925970262325,1.0790922023731946,-1.3018281421520246,0.19297514118791337,0.24541795158781798,1.0,1.0,False,False
SNP_00603,1.2028896363395865,0.7905137386541627,1.521655573485019,0.12809540485185253,3.329724728094487,1.0,1.0,False,False
SNP_00604,0.16637090389784767,1.1267271127927447,0.14765856080757211,0.8826122367414387,1.1810110621039847,1.0,1.0,False,False
SNP_00607,-1.6542461308423337,0.69736043409595,-2.372153695508807,0.01768473257018595,0.1912361684267788,1.0,0.8985436175315952,False,False
SNP_00608,-0.19751287656346567,0.6636195106409448,-0.2976297010506841,0.7659858031844399,0.8207695718681974,1.0,1.0,False,False
SNP_00609,0.7303212503204127,0.7076058158674514,1.0321018198884,0.3020244214065986,2.0757473350716813,1.0,1.0,False,False
SNP_00610,-1.395474451112548,0.713447156854902,-1.9559604908431278,0.050469808498060834,0.24771547959707355,1.0,1.0,False,False
SNP_00611,-0.3896145490966763,0.6694155911670617,-0.5820219221626147,0.5605519147107354,0.6773178969844864,1.0,1.0,False,False
SNP_00612,-11.904050127851018,416.7891995164285,-0.02856132102670237,0.9772144608391232,6.762958417960655e-06,1.0,1.0,False,False
SNP_00613,-0.2759276841169859,0.6638456082518011,-0.4156503872091969,0.6776658502074658,0.7588678069725588,1.0,1.0,False,False
SNP_00614,1.376155767652249,1.0850507071444668,1.2682870566241873,0.20469545760153618,3.9596505152705754,1.0,1.0,False,False
SNP_00615,0.1760429819596226,0.852705440717088,0.2064522794783368,0.8364376371735533,1.1924893130766587,1.0,1.0,False,False
SNP_00617,-0.5534953457548936,0.6637230156507096,-0.8339251957569235,0.40432313813663534,0.5749366916326177,1.0,1.0,False,False
SNP_00618,-0.36639102870993573,1.1420900717735052,-0.3208074719894745,0.7483562966292702,0.693231674716638,1.0,1.0,False,False
SNP_00619,0.9298265449011228,0.6492366667929927,1.4321842749488383,0.15209109083845396,2.534069592203114,1.0,1.0,False,False
SNP_00621,0.5047939063537626,1.170930230536731,0.43110502503840487,0.6663920070268754,1.6566440614606504,1.0,1.0,False,False
SNP_00622,0.45501315258832425,0.6728162282246891,0.6762814770222385,0.4988619507946148,1.576194113929958,1.0,1.0,False,False
SNP_00623,-0.5860451981565941,0.6424750064583871,-0.9121680878874033,0.3616802401752496,0.5565238799885264,1.0,1.0,False,False
SNP_00624,-0.041420084487250146,1.1278868859777698,-0.036723615641069275,0.9707053787823577,0.959426005299031,1.0,1.0,False,False
SNP_00625,-0.6106009781627199,0.630192927420339,-0.9689111882962289,0.3325895026887592,0.5430244251701454,1.0,1.0,False,False
SNP_00626,-1.3317500054804359,1.1104922888037523,-1.199242911371341,0.2304335061289291,0.2640148293903038,1.0,1.0,False,False
SNP_00627,-1.181623110463275,0.8230868094874928,-1.4355996194362903,0.1511163030989472,0.3067803958074736,1.0,1.0,False,False
SNP_00628,,,,1.0,,1.0,1.0,False,False
SNP_00629,0.5527716997968547,1.0972153331944716,0.5037950920604578,0.6144053769516311,1.7380637387621884,1.0,1.0,False,False
SNP_00630,0.5574119810842232,0.8402547965376546,0.6633844678793734,0.5070843509486657,1.7461475845593613,1.0,1.0,False,False
SNP_00631,-24.064026759825563,82022.5612086051,-0.00029338302054021903,0.9997659142208674,3.541000318616267e-11,1.0,1.0,False,False
SNP_00632,1.300181412605609,0.7159417795626255,1.816043496441708,0.0693637001264819,3.6699623846713765,1.0,1.0,False,False
SNP_00634,-0.6532976476142496,0.6762136753463709,-0.9661112625082845,0.3339885094846651,0.5203270891213342,1.0,1.0,False,False
SNP_00636,1.3736137508270472,0.738398588846524,1.860260530796535,0.06284867478933905,3.949597799538365,1.0,1.0,False,False
SNP_00637,0.9718474772217912,0.7810651381600473,1.2442591913795682,0.2134041851020202,2.642822506308009,1.0,1.0,False,False
SNP_00639,-0.4125283102979666,1.107711655001898,-0.37241488652320787,0.7095839719310728,0.6619744557314662,1.0,1.0,False,False
SNP_00640,-0.8095374320651115,0.8969417352636708,-0.9025529755588133,0.36676319352663533,0.4450638909002303,1.0,1.0,False,False
SNP_00642,0.4969068925087363,0.8222548892306552,0.6043222108094346,0.5456294423461411,1.6436294773783184,1.0,1.0,False,False
SNP_00645,-0.46390501777272075,0.9035081346980359,-0.5134486342259262,0.6076375328943611,0.6288232786662575,1.0,1.0,False,False
SNP_00646,22.43872846640425,79860.03268755687,0.00028097569849730935,0.999775813831158,5559246788.869356,1.0,1.0,False,False
SNP_00647,-0.24274519567882394,0.6295237253214601,-0.38560134577115185,0.6997919363888965,0.7844713750039122,1.0,1.0,False,False
SNP_00649,0.6145280903742035,0.7067835099035236,0.8694714601619483,0.38458931174746325,1.8487839347302388,1.0,1.0,False,False
SNP_00650,0.05994215260399977,0.8785276745833634,0.06823023831597222,0.9456023563567929,1.0617751238427529,1.0,1.0,False,False
SNP_00651,-0.27184467845556054,0.6414607962680755,-0.4237900118559277,0.6717189630436231,0.7619726026605677,1.0,1.0,False,False
SNP_00652,0.08928236750416657,0.7461593611121297,0.11965589679273567,0.9047557385237956,1.0933893503636412,1.0,1.0,False,False
SNP_00653,1.7283656632299675,0.9761825117630285,1.7705353685433918,0.07663799786927478,5.631442709489613,1.0,1.0,False,False
SNP_00654,-0.7542933809784628,0.7197328235187505,-1.0480185929144468,0.29463004065397147,0.470342850539478,1.0,1.0,False,False
SNP_00655,-0.8565482848756569,0.8799959967335645,-0.9733547516750728,0.33037701928839747,0.4246252410281449,1.0,1.0,False,False
SNP_00657,-38.52590266545324,178723200.59061247,-2.1556184389122244e-07,0.9999998280065329,1.8552953754754174e-17,1.0,1.0,False,False
SNP_00659,-24.47936958544736,252011.83033495257,-9.713579538274641e-05,0.9999224968486847,2.337463664561214e-11,1.0,1.0,False,False
SNP_00661,1.3017872873671041,0.9655569319546169,1.3482242675549356,0.17758626160534352,3.6758606192860617,1.0,1.0,False,False
SNP_00662,21.257862472034425,29905.20119299885,0.000710841647071451,0.9994328304723907,1706759656.4292705,1.0,1.0,False,False
SNP_00664,-0.35430247546011434,0.6663022279932068,-0.5317443955233578,0.5949030390748178,0.7016626995062265,1.0,1.0,False,False
SNP_00665,-0.41636797245205986,1.0977826834898734,-0.37928087108134884,0.7044793030256725,0.659437570973789,1.0,1.0,False,False
SNP_00668,0.4700126575361089,0.6343562501620714,0.7409285514504279,0.45873676281983145,1.6000144453298055,1.0,1.0,False,False
SNP_00669,-0.5911525104038454,0.8155380959293278,-0.7248619204357475,0.46853674403509227,0.5536887847813101,1.0,1.0,False,False
SNP_00670,-0.28921692139139593,1.1354014068157887,-0.254726583616361,0.7989342826087333,0.7488497462539702,1.0,1.0,False,False
SNP_00671,-0.658636343086267,0.6842566213559477,-0.9625575004025381,0.3357696341536871,0.5175566231639441,1.0,1.0,False,False
SNP_00675,-0.8028644426998911,0.6538010959146948,-1.2279949478773058,0.21944886451239154,0.4480437286665416,1.0,1.0,False,False
SNP_00676,0.36659693275853716,0.6552709916729306,0.5594585101693605,0.5758488393374489,1.4428162499313586,1.0,1.0,False,False
SNP_00677,-0.43500174149470444,0.6703884322362859,-0.6488801425818506,0.5164158507817058,0.647263539871026,1.0,1.0,False,False
SNP_00678,0.15923776584489283,0.8392192734813111,0.18974512487580394,0.8495088585553813,1.172616721743391,1.0,1.0,False,False
SNP_00680,-0.18969728627258983,0.7298534761058038,-0.259911465085754,0.7949320672704504,0.8272095037184862,1.0,1.0,False,False
SNP_00682,-0.6281983616930743,1.1453256575980897,-0.5484888577546542,0.5833562779168887,0.5335522036868939,1.0,1.0,False,False
SNP_00684,0.05386913304483415,0.6235971496821981,0.08638450812722173,0.9311607616160107,1.0553464831367765,1.0,1.0,False,False
SNP_00685,0.8521739107222731,0.6957424099096088,1.2248411173224125,0.22063508954590294,2.3447385677663157,1.0,1.0,False,False
SNP_00686,0.6705233918235496,0.6308750579751012,1.0628465705645525,0.2878515361579467,1.9552604201884505,1.0,1.0,False,False
SNP_00687,-0.08304858220063556,1.150661590123203,-0.07217463667292782,0.9424629295234747,0.920306435622138,1.0,1.0,False,False
SNP_00688,0.12953257465165005,0.6332102489885924,0.20456487376593877,0.8379121016615124,1.1382961904607427,1.0,1.0,False,False
SNP_00689,0.2578036497744496,0.6775594011125715,0.38048863221605184,0.7035827333534364,1.2940846998542175,1.0,1.0,False,False
SNP_00690,0.7452105388439185,0.6471731262935988,1.1514856049598137,0.24953251399890175,2.106884969414205,1.0,1.0,False,False
SNP_00695,-24.170701631501704,130452.35302249144,-0.0001852837535811593,0.9998521649544958,3.18271431671305e-11,1.0,1.0,False,False
SNP_00696,-0.6507442101123234,0.6334051277344245,-1.0273743953414425,0.30424420337669866,0.5216574095461838,1.0,1.0,False,False
SNP_00697,-1.198664872748836,0.9370915562509463,-1.2791331484667037,0.20085017229816415,0.30159661308102664,1.0,1.0,False,False
SNP_00698,1.0628800341095064,0.6958171206137369,1.5275278555549283,0.12662980600395363,2.8946958183112828,1.0,1.0,False,False
SNP_00699,-23.54001389461494,57317.84115456241,-0.0004106926119414948,0.9996723147149078,5.98000933094227e-11,1.0,1.0,False,False
SNP_00700,1.0310041454831291,0.6535142092742889,1.5776308010625097,0.11465045204618458,2.8038799249464894,1.0,1.0,False,False
SNP_00702,0.30787386509621856,0.7304293911200095,0.42149709313331135,0.6733921333914046,1.360529367872766,1.0,1.0,False,False
SNP_00703,-0.4768153438504285,0.6314662087883975,-0.7550924138368391,0.45019353464502354,0.6207571453351097,1.0,1.0,False,False
SNP_00704,-0.8447505830402204,0.662446938465104,-1.2751973539156445,0.20223939765663568,0.42966451046331405,1.0,1.0,False,False
SNP_00705,0.9530275649097565,0.6891973770408408,1.3828078815414317,0.1667237816831959,2.593549925616023,1.0,1.0,False,False
SNP_00706,0.46908332708997225,0.6501909339924045,0.7214547336266797,0.4706297816221482,1.598528193907818,1.0,1.0,False,False
SNP_00708,0.022100256457597375,0.722107746302932,0.03060520617698246,0.9755843901674096,1.0223462761487105,1.0,1.0,False,False
SNP_00709,0.21933301289519988,0.8413540273459774,0.2606905128713514,0.7943311827877542,1.2452458905870722,1.0,1.0,False,False
SNP_00711,-22.414203728032025,60574.907120567856,-0.0003700245661692713,0.9997047631182729,1.8434654590629724e-10,1.0,1.0,False,False
SNP_00712,-39.40162055379324,274332066.2835105,-1.4362746975803165e-07,0.9999998854018594,7.728471601596614e-18,1.0,1.0,False,False
SNP_00715,-0.720962243560436,1.087487421203144,-0.6629614554647427,0.5073552404469337,0.48628410700892527,1.0,1.0,False,False
SNP_00716,20.40481065522098,17103.980058870806,0.0011929861111267042,0.9990481350264646,727271672.2866592,1.0,1.0,False,False
SNP_00717,-0.5335276478739082,0.742922735432833,-0.7181468844981174,0.472666724293868,0.5865322366940257,1.0,1.0,False,False
SNP_00720,-0.8991196602447588,0.751223208660944,-1.1968741778458099,0.23135560027114044,0.4069277367669388,1.0,1.0,False,False
SNP_00722,-0.27874168754001205,0.6334286153590865,-0.4400522502160646,0.6598992645045101,0.7567353521408855,1.0,1.0,False,False
SNP_00723,-1.209081867453641,0.6606417032913751,-1.830162796913802,0.067225599031632,0.29847118978113035,1.0,1.0,False,False
SNP_00724,0.8369837060900529,0.8798113848006988,0.9513217498085144,0.3414410692719795,2.309390659776299,1.0,1.0,False,False
SNP_00725,-17.12925722871671,2258.660022586485,-0.007583813879656527,0.9939490499960999,3.6379615652413474e-08,1.0,1.0,False,False
SNP_00726,-0.41033070914161496,0.6362606709398481,-0.6449097482883828,0.5189856740727503,0.6634308112189922,1.0,1.0,False,False
SNP_00727,-0.01123377225587747,0.6279914170090098,-0.01788841686623927,0.9857278695387685,0.9888290909465036,1.0,1.0,False,False
SNP_00728,-1.227134971336234,0.8106548226035744,-1.5137576896107932,0.13008730729739007,0.2931312050662215,1.0,1.0,False,False
SNP_00729,1.1760641131378013,0.6683926799787215,1.7595406837418412,0.07848571638110789,3.241590528271203,1.0,1.0,False,False
SNP_00730,1.1121578151147624,0.667130366847657,1.6670771866823593,0.09549905776931492,3.0409130481649433,1.0,1.0,False,False
SNP_00731,1.830965787229164,1.0683889669668745,1.7137632864435348,0.08657220861681333,6.23991017489697,1.0,1.0,False,False
SNP_00732,-1.0186595609178397,0.8985231431041176,-1.1337043110527885,0.2569186006909424,0.3610786198228464,1.0,1.0,False,False
SNP_00733,-0.5684406392112831,1.1374770314508342,-0.4997381252492157,0.617259483561841,0.5664079848187397,1.0,1.0,False,False
SNP_00734,0.16236325119922687,1.1289186870109051,0.14382191832533503,0.8856410944933748,1.1762874515513995,1.0,1.0,False,False
SNP_00735,0.437563270581598,0.6688990253436918,0.6541544448457979,0.513012307649785,1.5489282971281024,1.0,1.0,False,False
SNP_00737,-0.9231296973228191,0.7088070460810173,-1.3023709377986412,0.1927896124191706,0.397273746822071,1.0,1.0,False,False
SNP_00739,-0.04971386343794332,0.7316206955581553,-0.06795032417722476,0.9458251783931736,0.951501644962224,1.0,1.0,False,False
SNP_00740,0.06869250548377068,0.6786776803495632,0.10121521227630406,0.9193796210829936,1.0711067990380403,1.0,1.0,False,False
SNP_00744,-0.004720437222036579,0.6270920454326441,-0.0075275029501926626,0.9939939783348654,0.99529068653187,1.0,1.0,False,False
SNP_00745,0.9357827483180413,1.1063976800624025,0.8457923992259834,0.39766856636513404,2.549208065324771,1.0,1.0,False,False
SNP_00747,0.147979666910963,0.6651687356333227,0.22246936601743333,0.823948518133113,1.1594893201237024,1.0,1.0,False,False
SNP_00749,-0.15365187852960052,0.846384824668935,-0.18153902817161416,0.8559445019936407,0.8575705077597527,1.0,1.0,False,False
SNP_00751,-0.02827499229321522,0.7233643778703923,-0.039088173482440064,0.968820089958217,0.9721210042573688,1.0,1.0,False,False
SNP_00754,0.26336207083359275,1.1434998496751891,0.23031229160930863,0.8178491100004638,1.3012977956426337,1.0,1.0,False,False
SNP_00755,-0.2398915819978688,0.8293459783407051,-0.28925392811071005,0.7723870660363582,0.7867131503110322,1.0,1.0,False,False
SNP_00756,-1.881804026385424,0.7219973052872414,-2.6063864956348586,0.009150314558843192,0.15231507733380004,1.0,0.8985436175315952,False,False
SNP_00757,-19.790014785191417,12802.043997099096,-0.0015458480528324832,0.9987665921965325,2.542762406695975e-09,1.0,1.0,False,False
SNP_00759,-0.6632928046050078,0.6689533441519805,-0.9915382147402994,0.3214228418176289,0.5151522429607976,1.0,1.0,False,False
SNP_00760,1.2686909403881355,0.7256113543260992,1.748444167561867,0.0803871455308736,3.556194243755928,1.0,1.0,False,False
SNP_00761,0.6176598116645802,1.1743723696563473,0.5259488622380685,0.5989237380359669,1.8545828863505454,1.0,1.0,False,False
SNP_00763,-0.2563058451857606,0.8436567272662103,-0.30380347468607927,0.7612776193732116,0.7739052374014215,1.0,1.0,False,False
SNP_00764,1.1215005952112689,0.939689302612621,1.1934802195716792,0.23268135440818483,3.0694567612582575,1.0,1.0,False,False
SNP_00765,0.3319709791735233,0.7336329216932441,0.45250283807782987,0.6509067771430921,1.393712401239858,1.0,1.0,False,False
SNP_00766,-2.086771240308349,0.8840268644095294,-2.360529215028066,0.018248880860158235,0.12408713726273204,1.0,0.8985436175315952,False,False
SNP_00767,-0.3559569355517333,0.7102086254560956,-0.5012005244559483,0.6162300052430928,0.7005027863517077,1.0,1.0,False,False
SNP_00768,0.014356578160627024,1.1747874148756061,0.01222057538141672,0.990249634270249,1.0144601287796267,1.0,1.0,False,False
SNP_00769,-1.9911908136593048,0.7841375063015937,-2.5393388247053905,0.011106220546598183,0.13653274354687644,1.0,0.8985436175315952,False,False
SNP_00771,-24.36906360904473,164281.0764119001,-0.0001483376183142631,0.9998816437049949,2.610057923211725e-11,1.0,1.0,False,False
SNP_00772,0.4413475954628734,1.0988462953888316,0.4016463424547476,0.6879443189757958,1.5548010502163567,1.0,1.0,False,False
SNP_00773,-1.0952841733344856,1.077943424114815,-1.0160868825132547,0.30958801500565825,0.3344445532194908,1.0,1.0,False,False
SNP_00774,-0.6102313419379611,0.8371286818612028,-0.7289576323931741,0.4660275791853896,0.5432251837701567,1.0,1.0,False,False
SNP_00777,0.5259723773179773,0.8335370872625509,0.6310125672336213,0.5280323073388378,1.6921034116586644,1.0,1.0,False,False
SNP_00779,0.8151036281361637,0.7030251745454996,1.159423101261092,0.24628376485274883,2.2594097986447195,1.0,1.0,False,False
SNP_00783,-0.2827486846097901,0.6612232698436485,-0.4276145403603963,0.668931778039831,0.753709182777166,1.0,1.0,False,False
SNP_00784,-1.5539178844744876,1.1257260925377328,-1.3803694298063918,0.16747292765078814,0.21141803764400227,1.0,1.0,False,False
SNP_00785,-0.5557933609904773,0.6625100396303534,-0.8389206619428461,0.4015138323120391,0.5736169952776773,1.0,1.0,False,False
SNP_00786,0.4748277347840647,0.6410349791271235,0.7407204758633019,0.4588629415732943,1.6077372164306116,1.0,1.0,False,False
SNP_00787,-0.3672405066773934,0.8654874094110686,-0.42431640562776834,0.6713350762793884,0.6926430397342439,1.0,1.0,False,False
SNP_00788,-0.9712377995522438,0.7070946244419665,-1.3735612830018853,0.16957792358584822,0.37861409957439546,1.0,1.0,False,False
SNP_00789,-0.05978622009932221,0.6237261088700791,-0.09585332287537054,0.9236370667564516,0.9419658854344226,1.0,1.0,False,False
SNP_00790,0.352980835083709,0.7679078717948978,0.4596656031909872,0.6457562624938968,1.4233038656727723,1.0,1.0,False,False
SNP_00793,-0.1306572350699284,0.6344099092504262,-0.2059508106112399,0.8368293349737602,0.8775185054172205,1.0,1.0,False,False
SNP_00794,-0.2842704978595387,0.6640452656089104,-0.4280890363684331,0.6685862985532478,0.7525630504772141,1.0,1.0,False,False
SNP_00796,-0.25056733904180145,1.1047096611131988,-0.22681736918034068,0.8205657570152574,0.7783590642953846,1.0,1.0,False,False
SNP_00798,-2.1405864514671333,1.0687846915145376,-2.0028228963812933,0.04519630135480061,0.1175858643947592,1.0,1.0,False,False
SNP_00799,-0.8828101376906573,1.0924705666937558,-0.8080859700983861,0.4190410935858403,0.41361895079916833,1.0,1.0,False,False
SNP_00800,0.7858889503019715,0.6416591059121214,1.2247764320040728,0.22065946714490514,2.19435674805773,1.0,1.0,False,False
SNP_00803,0.13983367634726415,0.7513413023064096,0.18611205841874193,0.8523568858711603,1.1500824970268055,1.0,1.0,False,False
SNP_00806,0.18755460949199268,0.7384123550004562,0.253997117223041,0.7994977852101168,1.2062961228407685,1.0,1.0,False,False
SNP_00807,0.01348641784443477,1.1298214646978488,0.011936769008049849,0.9904760624751588,1.013577769785769,1.0,1.0,False,False
SNP_00809,-0.46208428815025965,0.6877793170327268,-0.6718496423297826,0.5016794217593856,0.6299692387621879,1.0,1.0,False,False
SNP_00810,0.9858345149312425,0.6502363446197222,1.516117213515323,0.12948971643153145,2.6800474911154986,1.0,1.0,False,False
SNP_00813,0.6745329194173889,0.7576440434455353,0.8903032040611285,0.3733031011646206,1.9631158285107226,1.0,1.0,False,False
SNP_00814,3.418744443768612,1.0572776729534497,3.23353507902851,0.0012226831939059527,30.531057486590317,0.87910921641838,0.6086128035130856,False,False
SNP_00816,0.21601040745611136,0.8256690400304986,0.26161863529257723,0.7936154754039147,1.2411152957864262,1.0,1.0,False,False
SNP_00817,0.21075722078505035,0.8586382068877255,0.24545520930052056,0.8061039852724263,1.2346125804003019,1.0,1.0,False,False
SNP_00819,1.1200205315848293,1.0776984094543542,1.0392708403011404,0.29867879233894734,3.0649171302530593,1.0,1.0,False,False
SNP_00821,0.4739175844734703,0.6844502488795773,0.6924061832825072,0.4886822838435173,1.606274599605268,1.0,1.0,False,False
SNP_00823,0.060276772719847084,0.8917131685687701,0.06759659366317686,0.946106767061956,1.0621304746081384,1.0,1.0,False,False
SNP_00824,-0.5301443431926112,0.6621278606000698,-0.8006676274158812,0.42332408843011415,0.5885200146893297,1.0,1.0,False,False
SNP_00825,0.6020573273802007,0.67862078276812,0.8871778505285175,0.3749831554516928,1.8258713540806701,1.0,1.0,False,False
SNP_00826,19.604392470595307,10559.920189471462,0.0018564905907282744,0.9985187356712593,326647599.57042706,1.0,1.0,False,False
SNP_00827,0.591183357545738,0.7039512759108006,0.8398072107772532,0.4010164898040628,1.806124442294152,1.0,1.0,False,False
SNP_00829,-0.4013984480586251,0.9037264458594277,-0.4441592363460188,0.6569274616344813,0.6693832934212047,1.0,1.0,False,False
SNP_00830,0.38134687093159475,0.9114050031477892,0.41841647743265387,0.6756426413514016,1.4642554249740676,1.0,1.0,False,False
SNP_00831,-1.2330837980225895,0.915619440371038,-1.3467208576555614,0.1780701521066087,0.2913925948037201,1.0,1.0,False,False
SNP_00832,0.28377958069037895,1.1603013556077368,0.2445740318399803,0.8067862730780837,1.3281401507516886,1.0,1.0,False,False
SNP_00833,0.9335105015984704,0.7209690938961333,1.2947996099995889,0.19538936657398154,2.543422211593827,1.0,1.0,False,False
SNP_00834,-0.04699058308049727,0.638041993809082,-0.07364810394370064,0.9412903936290314,0.9540963821968964,1.0,1.0,False,False
SNP_00837,0.67653442619777,0.6667950332594013,1.0146062769705424,0.31029354602996273,1.967048952926736,1.0,1.0,False,False
SNP_00838,0.7961409420671545,1.096257061580026,0.7262356339303149,0.4676943305000886,2.216968987563827,1.0,1.0,False,False
SNP_00839,0.43917059206743625,0.6677649140952261,0.6576724574732729,0.5107486241321855,1.5514199247469795,1.0,1.0,False,False
SNP_00841,26.512624522477743,351384.206024173,7.545195278541871e-05,0.9999397980518472,326803373425.27545,1.0,1.0,False,False
SNP_00842,-0.7652236718870138,0.8181815038288347,-0.9352737360915705,0.34964724685912485,0.46522986049513493,1.0,1.0,False,False
SNP_00844,-0.4808151903208263,0.8430967888760948,-0.5702965503661632,0.5684765802154144,0.6182791711202864,1.0,1.0,False,False
SNP_00845,0.38127076185326425,1.1022574795610822,0.3458999089805096,0.7294179370524512,1.4641439860840417,1.0,1.0,False,False
SNP_00846,0.2727983991672653,0.6678905980861699,0.4084477307345916,0.6829449973152235,1.3136353881398133,1.0,1.0,False,False
SNP_00848,-25.66371484746264,396341.06298667664,-6.47515921112755e-05,0.9999483357044031,7.151386603518967e-12,1.0,1.0,False,False
SNP_00849,0.19044307392237042,0.7297686431293944,0.2609636296590003,0.7941205549527032,1.2097855033337581,1.0,1.0,False,False
SNP_00850,0.11989305577175295,0.8499608160872252,0.14105715640360675,0.8878247893957916,1.1273762787461317,1.0,1.0,False,False
SNP_00851,-0.6711955679469074,0.6352668033153168,-1.0565569685745992,0.2907138282135172,0.51109716098078,1.0,1.0,False,False
SNP_00855,0.1650980381725607,0.6339358411132877,0.2604333553418015,0.7945295165414988,1.1795087499255235,1.0,1.0,False,False
SNP_00856,-0.20118133503316535,0.724959402100846,-0.27750703618735867,0.7813908038084233,0.817764128822604,1.0,1.0,False,False
SNP_00857,0.14048078929417768,0.6560351989412458,0.21413605477403516,0.8304409601937475,1.1508269711540942,1.0,1.0,False,False
SNP_00861,-0.3352244302830553,0.8515248489629427,-0.39367545256174186,0.6938206668898177,0.7151775608374268,1.0,1.0,False,False
SNP_00862,-0.0266274406660124,1.204147023454487,-0.02211311421891235,0.9823577254006242,0.973723943900091,1.0,1.0,False,False
SNP_00864,1.0760746678812108,0.831154618606881,1.2946744730659698,0.19543254950280842,2.9331433623429306,1.0,1.0,False,False
SNP_00865,0.2634851301133195,0.6539309206192648,0.40292502129093727,0.6870033836857711,1.3014579422656374,1.0,1.0,False,False
SNP_00868,1.1677889713646135,0.7024812842584984,1.6623773437569498,0.09643713868639019,3.2148765903338608,1.0,1.0,False,False
SNP_00869,-42.790190909756134,1314301676.5192769,-3.2557358538170086e-08,0.9999999740229862,2.6088926444055594e-19,1.0,1.0,False,False
SNP_00870,-0.22474454903170418,0.6262262174427435,-0.35888716053676367,0.7196795050691169,0.7987202265565443,1.0,1.0,False,False
SNP_00872,0.30016544171853826,0.6914596418131571,0.43410406561319964,0.6642128732984871,1.3500821490113986,1.0,1.0,False,False
SNP_00873,0.2928333166372903,0.6714455378403469,0.4361237064426196,0.662746978043978,1.340219379539809,1.0,1.0,False,False
SNP_00874,-0.47665095308447514,0.6333505241879182,-0.7525863402349542,0.451698528563785,0.6208592004659331,1.0,1.0,False,False
SNP_00875,-0.24083701086550197,0.6360516773488331,-0.37864377918056885,0.704952407541295,0.7859697204735715,1.0,1.0,False,False
SNP_00877,0.4347701038169113,0.7112517465807227,0.6112745675592763,0.541017824956447,1.5446079186653348,1.0,1.0,False,False
SNP_00879,-1.0734934393117055,1.0843534709867257,-0.9899847863583283,0.3221815552121149,0.34181232860275884,1.0,1.0,False,False
SNP_00880,-0.8760773543535381,0.6467419282938414,-1.354601141547607,0.17554466958446124,0.4164131534042168,1.0,1.0,False,False
SNP_00881,-0.7033845055610339,0.8163537933501163,-0.8616172440070573,0.3888981786388356,0.49490744902522793,1.0,1.0,False,False
SNP_00882,-21.643192635085864,47462.04835571097,-0.00045601050491706396,0.9996361562711727,3.9854821448754573e-10,1.0,1.0,False,False
SNP_00883,23.131371757769042,69953.94751863414,0.0003306657104891381,0.9997361669396218,11112892500.23824,1.0,1.0,False,False
SNP_00884,0.6431960589428426,1.2381647210407518,0.5194753557525025,0.6034292941459408,1.9025518403861117,1.0,1.0,False,False
SNP_00885,0.019143793443747642,0.8347165972022428,0.022934482802801283,0.9817025343245636,1.0193282107935546,1.0,1.0,False,False
SNP_00887,0.4686968498016237,0.6518295226549644,0.7190482074094715,0.47211121741064654,1.5979105184325475,1.0,1.0,False,False
SNP_00888,-0.1236517712110953,1.25780195030677,-0.09830782277045876,0.9216878666011517,0.8836875127418746,1.0,1.0,False,False
SNP_00889,0.7540546092433748,0.8193023626189442,0.9203618146943926,0.35738371625146514,2.125601049578832,1.0,1.0,False,False
SNP_00890,-0.8314919139021458,0.6899892841543032,-1.2050794599241896,0.22817262833556395,0.43539922336880615,1.0,1.0,False,False
SNP_00891,-0.25324732320886545,0.6578801875442625,-0.3849444442979625,0.7002785766043527,0.776275867041459,1.0,1.0,False,False
SNP_00892,-24.14424127323025,130619.62502861125,-0.00018484390280512316,0.9998525159046331,3.2680541600536174e-11,1.0,1.0,False,False
SNP_00894,-0.6310056022023627,0.8360877333431758,-0.7547121875347067,0.4504216922204114,0.5320564947165467,1.0,1.0,False,False
SNP_00896,-0.40275495241486914,0.6303040872326188,-0.638985151092998,0.5228325917496861,0.6684758876567615,1.0,1.0,False,False
SNP_00897,-22.71762030494867,48283.75858489354,-0.0004705023173580421,0.9996245934790088,1.361014836780734e-10,1.0,1.0,False,False
SNP_00898,,,,1.0,,1.0,1.0,False,False
SNP_00901,-1.254136184108776,0.7571137209152202,-1.656470024863294,0.09762667049052824,0.28532220766163346,1.0,1.0,False,False
SNP_00902,0.03681562074241443,0.7424020435888462,0.04958986988295993,0.9604492193634057,1.037501709406845,1.0,1.0,False,False
SNP_00903,0.34138686947908303,0.8472118379307192,0.4029533750530525,0.6869825246260584,1.4068974212644754,1.0,1.0,False,False
SNP_00904,0.026151134869738503,0.7278307583957301,0.03593024143054947,0.971337982255315,1.0264960761012987,1.0,1.0,False,False
SNP_00905,0.8783170080985747,0.684897676033101,1.2824061737013774,0.19970019962887486,2.4068455942120917,1.0,1.0,False,False
SNP_00906,0.19969942434464838,0.825468061069414,0.24192265426470033,0.8088400958804299,1.2210356893944185,1.0,1.0,False,False
SNP_00907,-1.0521391164329537,0.8256009902512986,-1.2743917810862857,0.2025246036443804,0.3491899915768692,1.0,1.0,False,False
SNP_00909,0.8797285242358689,0.8874156749693948,0.9913375986582714,0.3215207594978423,2.4102452944096857,1.0,1.0,False,False
SNP_00910,1.0066170382141464,1.099505962118561,0.9155175805273185,0.3599199774193105,2.7363284449223286,1.0,1.0,False,False
SNP_00911,-1.5349411829369388,1.0847827717341292,-1.4149756273167837,0.15707564220271664,0.21546836401340255,1.0,1.0,False,False
SNP_00914,0.41831951894014185,0.618215439378586,0.6766565379871873,0.4986238980961999,1.519406075869636,1.0,1.0,False,False
SNP_00915,0.16103329703724392,0.6951455849801986,0.23165405997914953,0.8168067155890655,1.1747240829942176,1.0,1.0,False,False
SNP_00916,-1.8431228028641728,0.7732910918304159,-2.3834786438589584,0.017149879518711438,0.15832224417398624,1.0,0.8985436175315952,False,False
SNP_00918,-1.204351201253022,1.1008362805221976,-1.094032984343249,0.2739405121452355,0.2998865023968006,1.0,1.0,False,False
SNP_00919,0.09668459356471303,0.6567819781698034,0.1472095714838819,0.8829666059553264,1.1015128945698278,1.0,1.0,False,False
SNP_00921,-1.377816252084857,0.8063876886583724,-1.7086275887683737,0.08751995490060858,0.2521285374956163,1.0,1.0,False,False
SNP_00923,-0.3087438800346902,0.8476121218231882,-0.36425137404900654,0.7156703071268395,0.7343688324618578,1.0,1.0,False,False
SNP_00924,0.17212019222125158,0.6641558624848031,0.25915632450686976,0.7955146281143526,1.1878205914298527,1.0,1.0,False,False
SNP_00925,-1.4557850310876168,0.659447960085368,-2.2075813698766464,0.02727346901500722,0.23321720926007752,1.0,1.0,False,False
SNP_00926,-0.7243717563348744,1.1629394102424657,-0.6228800485692091,0.5333633498529613,0.4846289383967491,1.0,1.0,False,False
SNP_00927,-0.635166814842895,1.193370401484415,-0.5322461610014969,0.5945555156795338,0.5298470945852386,1.0,1.0,False,False
SNP_00928,-23.66910945539785,71443.97005556096,-0.00033129611130219556,0.9997356639525734,5.255770246100146e-11,1.0,1.0,False,False
SNP_00929,0.2071461593427835,1.1076387514750565,0.18701599151070178,0.8516480947368941,1.2301623583635037,1.0,1.0,False,False
SNP_00930,1.3067206947980508,0.6709243821899487,1.9476422820300765,0.05145778078228248,3.694039943515538,1.0,1.0,False,False
SNP_00932,1.7457613476640237,1.0758399451043796,1.6226961599707541,0.10465437268650582,5.730262537065438,1.0,1.0,False,False
SNP_00934,23.139751249844206,118845.4119021178,0.0001947046240952265,0.9998446481874991,11206404137.722511,1.0,1.0,False,False
SNP_00936,-0.9475700806116706,1.1003487777326195,-0.8611542992434045,0.3891530664946421,0.3876819156487895,1.0,1.0,False,False
SNP_00937,-1.235092983882313,0.7084970584747253,-1.7432577441341253,0.08128860291893518,0.2908077206797751,1.0,1.0,False,False
SNP_00939,0.18489402223475998,0.6560356787804462,0.2818353150829743,0.7780697905858475,1.203090932482922,1.0,1.0,False,False
SNP_00941,-1.2753651736311094,1.1054877612259721,-1.153667384084601,0.24863656063727313,0.27932894602913844,1.0,1.0,False,False
SNP_00942,0.27348876190923965,0.6702177028950024,0.4080595912759483,0.6832299256867773,1.3145425861801565,1.0,1.0,False,False
SNP_00945,0.25721183430650696,0.6698102043372297,0.38400704056310314,0.7009732292204482,1.2933190670910186,1.0,1.0,False,False
SNP_00946,-0.1443620690752621,0.6363251377294027,-0.22686840502701008,0.8205260706350411,0.865574293632486,1.0,1.0,False,False
SNP_00947,-1.2318885494424165,1.099372923801419,-1.1205374652877427,0.26248479647703604,0.2917410896164083,1.0,1.0,False,False
SNP_00948,0.8123766303869007,1.1987171998945516,0.6777049920184374,0.49795876063005606,2.2532567866471678,1.0,1.0,False,False
SNP_00949,-0.1215384813917375,0.8568778963997594,-0.1418387402713865,0.8872073830922169,0.8855569752283152,1.0,1.0,False,False
SNP_00950,-0.4362882026070874,0.7069057931950924,-0.6171801204728283,0.5371159265427178,0.6464313958727308,1.0,1.0,False,False
SNP_00951,0.6399435007125336,0.7430413468698271,0.8612488435648855,0.38910100407851633,1.8963737325134642,1.0,1.0,False,False
SNP_00952,0.5729863889499102,0.8095863934795106,0.7077519997430782,0.47909927928927554,1.7735556776334898,1.0,1.0,False,False
SNP_00953,0.6190322672669946,0.7189435655571543,0.8610304020000065,0.38922129900678026,1.8571299665004557,1.0,1.0,False,False
SNP_00955,-0.033386655158749556,0.7423191674276624,-0.04497614587326822,0.9641263225443584,0.9671645281289345,1.0,1.0,False,False
SNP_00956,-1.1472533904338087,0.652774038368202,-1.757504623348228,0.07883183449532287,0.31750764238542384,1.0,1.0,False,False
SNP_00958,-0.4638266537042329,0.6676366330980916,-0.6947291845743968,0.4872250347520438,0.6288725577475631,1.0,1.0,False,False
SNP_00959,0.23004488722334349,1.1307903436337634,0.20343725830210102,0.8387932807220396,1.258656506257196,1.0,1.0,False,False
SNP_00960,-1.0425959388046258,0.7171241009742326,-1.4538570623804594,0.14598593922392633,0.35253832515190653,1.0,1.0,False,False
SNP_00962,-0.1638082977783005,0.6323002639587876,-0.2590672614189788,0.795583344257899,0.8489047432079726,1.0,1.0,False,False
SNP_00963,-0.9102730183315613,0.6922572199485053,-1.3149346689360255,0.18853185993161625,0.4024143425420906,1.0,1.0,False,False
SNP_00964,-1.0017409861511235,1.0839003971390258,-0.9242002206062813,0.3553820808019146,0.3672395253629938,1.0,1.0,False,False
SNP_00965,0.13316543945598677,0.796576464002996,0.16717219937279734,0.8672345582640304,1.1424389871818943,1.0,1.0,False,False
SNP_00968,-0.11091209031320136,0.6555441296283231,-0.16919088326835557,0.8656465005132392,0.8950174261723486,1.0,1.0,False,False
SNP_00969,-2.2382587847876962,0.7129575257660525,-3.1393998995701056,0.0016929424297999597,0.10664403302233062,1.0,0.6086128035130856,False,False
SNP_00970,0.6967100859998006,0.6622051866239682,1.0521060542454281,0.29275089477677374,2.007138520264513,1.0,1.0,False,False
SNP_00971,0.6791927396665418,0.740167989193989,0.917619715500198,0.3588179924659587,1.972284942018798,1.0,1.0,False,False
SNP_00975,-0.40319451449685406,0.7151648030012007,-0.5637784644949553,0.5729049097543446,0.6681821155740906,1.0,1.0,False,False
SNP_00976,0.6229922960939233,0.7141684892695197,0.8723323773793841,0.3830270794352941,1.8644988355402847,1.0,1.0,False,False
SNP_00977,-0.04159984281837067,0.6741566467410091,-0.06170649361609289,0.9507965686687457,0.9592535559815499,1.0,1.0,False,False
SNP_00978,0.07138201335647683,1.1172368000252113,0.06389157012628481,0.9490565646305279,1.073991426581989,1.0,1.0,False,False
SNP_00979,-0.17975562743101356,1.1484972403299314,-0.15651376522191274,0.8756280698761847,0.8354743534809775,1.0,1.0,False,False
SNP_00980,0.10546554798336302,0.6286446858745703,0.16776654659323076,0.8667669413820686,1.1112278198240273,1.0,1.0,False,False
SNP_00981,-0.6118819087255392,1.0912618199678548,-0.5607104523674835,0.5749949405487023,0.5423292938900851,1.0,1.0,False,False
SNP_00983,0.49714919397016055,1.1588251457083565,0.4290113964227688,0.6679149310806654,1.6440277794553662,1.0,1.0,False,False
SNP_00984,-0.02831167111233173,0.8375603705434875,-0.03380254380225806,0.9730346074454517,0.9720853486608009,1.0,1.0,False,False
SNP_00985,-0.13981732964603066,0.6381259915158674,-0.21910615067393635,0.826567359636679,0.8695170558808475,1.0,1.0,False,False
SNP_00987,0.637416278525953,0.7461734400686335,0.854246806837996,0.39296825349555364,1.8915872255734338,1.0,1.0,False,False
SNP_00988,0.12078845306640562,0.6715228522374933,0.1798724386875923,0.8572527130099332,1.1283861804803441,1.0,1.0,False,False
SNP_00991,-0.061288872399729674,0.726323083805822,-0.0843823826699619,0.9327524139176429,0.9405515011597969,1.0,1.0,False,False
SNP_00993,0.9791584221421459,0.8910762202193727,1.0988492341329548,0.2718338329574379,2.662214837843303,1.0,1.0,False,False
SNP_00996,-25.904826918263048,501489.9904495049,-5.165572077529114e-05,0.9999587846979345,5.619227492828687e-12,1.0,1.0,False,False
SNP_00997,0.11867637424753,0.8411834519193749,0.14108263063989138,0.8878046651390697,1.1260054549540286,1.0,1.0,False,False
SNP_00999,-0.15039649752768264,0.7128055309328272,-0.21099232680035923,0.8328932589070985,0.8603667754874826,1.0,1.0,False,False
